name,price,used_for,colour,mileage,engine_cc,fuel,kilometer_run,waranty,types,is_automatic,is_4WD,age
Hyundai | i20 Active S | TDi | 2015 | Hatchback (Hyundai),"रू. 24,75,000रू. 25,00,000",Private Use,Brown,14.0,1400.0,1,42000.0,,,0,0,10
Excellent car on sale (Hyundai),"रू. 7,50,000",,Light blue,11.0,1399.0,1,87412.0,,,1,0,20
TATA 407 Container (Tata),"रू. 7,00,000",,White,,2956.0,2,60000.0,,,0,0,12
4x4 swaraj Mazda (Mahindra),"रू. 6,00,000",,,,,2,,,,0,1,8
i20 Active good for used few time (Hyundai),रू. 375,,white,17.0,1200.0,1,2400.0,,,1,0,6
Tata Sumo Gold 2014 GX (Tata),"रू. 14,00,000",,Artic Silver,12.0,2956.0,2,,,,0,0,11
Mega XL hatti gadi (Tata),"रू. 7,00,000",,Brown chocolate colour,15.0,889.0,1,80000.0,,,1,0,6
Maruti Suzuki Alto 2004 On Sale (Maruti Suzuki),"रू. 5,80,000",,Black,,800.0,1,75000.0,,,0,0,21
Grand i10 magna 2014 (Hyundai),"रू. 18,45,000",,Silver,,1200.0,1,31000.0,,,0,0,11
Blue colour 2016 model Baleno (Maruti Suzuki),"रू. 20,50,000",private,blue,17.0,1200.0,1,41000.0,chaa.,,1,1,9
WagonR Sell or Rent (Maruti Suzuki),"रू. 10,25,000",,,20.0,,1,43000.0,,,0,0,17
2010 model red color santro zinc for sale (Hyundai),"रू. 13,50,000",personal,red,,1100.0,1,4200.0,,,0,1,15
Mahindra cabking (Mahindra),"रू. 12,50,000",,,,,2,,,,0,0,7
2011 model ko kia sportage sales & exchange offer (Kia),"रू. 32,50,000",,,,,2,,,,0,1,14
"2015 model bolero 7 seater 4wd,powerstering sale (Mahindra)","रू. 19,50,000",,Silver grey,,2500.0,2,65000.0,,,0,1,10
बैंक सुबिधा भएको सस्तो कार सङ्ग पनि सट्टा पट्टा (Mahindra),"रू. 32,00,000",like new,silver,15.0,2100.0,3,61000.0,no,,0,0,6
Hyundai I20 Active Diesel 2015 (Hyundai),"रू. 25,00,000",,Earth Brown,14.0,1400.0,2,42000.0,,,0,0,10
Isuzu Vcross 2019 (Other Brands),"रू. 51,00,000",,white,,2499.0,2,51000.0,,,0,1,6
Mg Zs Ev 2021 On Sale (Other Chinese Brands),"रू. 53,00,000",1 year,Red,300.0,105.0,3,12200.0,7 uears,,1,0,4
Niro (Kia),"रू. 58,00,000",,White,,,3,9000.0,,,1,0,6
Hyundai i10 Magna 1.2 2010 model (Hyundai),"रू. 13,50,000",,Champagne golden,,,1,,,,0,0,15
Like a Brand New Grand i10 sports 0 Push Bottom (Hyundai),"रू. 23,50,000",,passion red,14.0,1197.0,1,7000.0,,,0,0,8
Fore Sale Grand I10 Magna (Hyundai),"रू. 18,50,000",1,Silver,14.0,1200.0,1,45000.0,No,,0,0,11
Kia Rio 2011 Model Best Condition (Kia),"रू. 14,30,000",,Clear white,18.0,1399.0,1,59000.0,,,0,0,14
Hundai Grend I 10 2019 model Sportz (Hyundai),"रू. 26,00,000",3 years,grey,13.0,1200.0,1,18300.0,no,,0,0,6
Hyundai Creta | Model - 2017 | Diesel (Hyundai),"रू. 37,50,000",-,Polar White,21.4,1582.0,2,42000.0,-,,0,0,8
TATA BOLT RT XM (Tata),"रू. 17,80,000",,white,,1193.0,1,,,,0,0,8
Santro 2010 (Hyundai),"रू. 13,60,000",,Silver,15.0,1100.0,1,53000.0,,,0,0,15
urgent sell (Tata),"रू. 9,50,000",,silver,10.0,1400.0,1,,,,1,0,12
Car on sale (Maruti Suzuki),"रू. 26,50,000",Private,Grey,18.0,1200.0,1,29000.0,Yes,,0,0,8
Toyota hilux revo 2018 sell or exchange (Toyota),"रू. 78,50,000",Private,Sleek silver,12.0,2.8,2,42000.0,,,0,1,7
Datsun Go on sale (Datsun),"रू. 12,75,000",5 years,light Blue,16.0,1200.0,1,48000.0,thank you,,0,0,9
Nissan navara le (Nissan),"रू. 24,00,000",private,dark red,10.0,2500.0,2,75000.0,no warranty,,0,1,15
Sentro fresh condition (Hyundai),"रू. 13,00,000",Home,Blue,18.0,1086.0,1,80000.0,Not,,1,0,16
Ford Ecosport for sale (Ford),"रू. 29,50,000",5 years,Space grey,17.0,1500.0,1,26000.0,No warannty,,0,0,8
One Week Offer Price Fiat Avventura Dynamic 2016.. (Fiat),"रू. 15,50,077",,Exo - Red,,1368.0,1,57000.0,,,0,0,9
Hyundai Venue 2021 like Brand new on Sale (Hyundai),"रू. 35,25,000",1 year,White,18.0,1200.0,1,13750.0,Company warranty,,0,0,4
Scorpio S4+ (Mahindra),"रू. 34,50,000",Prasnal,Silbhar,,,2,750840.0,,,1,1,9
FORD IKON FULL OPTION FRESH N SMOOTH (Ford),"रू. 5,50,000",10,grey,15.0,1299.0,1,52000.0,non,,0,0,22
Ford Figo (Trend) (Ford),"रू. 15,00,000",6 years,Off white,14.0,1200.0,1,70000.0,No,,0,0,9
"Fully fresh, excellent condition, tax cleared (Hyundai)","रू. 6,40,000",,,,1086.0,1,,,,0,0,23
Kia sportage AWD 8air bag fully looded for sale (Kia),"रू. 32,50,000",12 years,chocolate gry,13.0,2000.0,2,67000.0,no,,0,1,14
car sell (Nissan),"रू. 5,50,000",,,,,2,,,,1,0,28
2023 Nissan Magnite XE (Nissan),"रू. 33,99,000",,Brown,,999.0,1,,,,0,0,2
Spark (Chevrolet),"रू. 5,75,000",home office,golden,12.0,,1,,,,0,0,18
i20 activeS2016 just like brand new exchange offer (Hyundai),"रू. 28,50,000",,,,,1,38000.0,,,0,0,8
wagonar bikrima (Maruti Suzuki),"रू. 10,50,000",13,Red,15.0,1086.0,1,75000.0,No,,0,0,15
santro bikrima (Hyundai),"रू. 10,50,000",16,white,14.0,1086.0,1,71000.0,No,,0,0,18
ZEN 2006 (Maruti Suzuki),"रू. 7,49,000",,Silkie Silver,16.0,1000.0,1,74000.0,,,0,1,19
Creta SX 2019 Like new (Hyundai),"रू. 43,00,000",32 months,White,14.0,1600.0,1,24000.0,,,0,0,6
Wagon R 2009 (Maruti Suzuki),"रू. 8,95,000",,,,,1,,,,0,0,16
2010 i 10 MAGNA (Hyundai),"रू. 14,00,000",,blue,,1200.0,1,39888.0,,,0,0,15
Hyundai Accent 2006 Narayani Number (Hyundai),"रू. 5,50,000",,,17.0,1400.0,1,,,,0,0,19
Honda Jazz 2016 model (Honda),"रू. 23,50,000",6 years,White,,1200.0,1,34200.0,,,0,0,9
maruti suzuki ZEN LX (Maruti Suzuki),"रू. 4,75,000",1,silver,18.0,1000.0,1,70000.0,,,1,0,23
Truck for sale (Tata),"रू. 18,25,000",Supply Transportation,Orange,,,2,,,,0,0,8
School Bus On Sale,"रू. 21,00,000",School,Yellow,10.0,3700.0,2,30000.0,No,,0,0,9
Single hand Honda Jazz VMT Fully Loaded (Honda),"रू. 24,50,000",6 years,Morun metallic,12.0,1200.0,1,30000.0,Yes,,0,0,9
TATA 709 EX SCHOOL BUS (Tata),"रू. 7,00,000",12 years,yellow,5.0,3783.0,2,60000.0,No,,1,0,13
Nissan sunny 2014 full option sedan for sale (Nissan),"रू. 15,99,999",,Grey,,250.0,1,42500.0,,,0,0,11
Nissan kicks XV 2021 (Nissan),"रू. 44,99,999",,Grey,3800.0,,1,3700.0,,,0,1,4
Haval H6 AWD 2021 Top Version (Great Wall Motors),"रू. 97,00,000",,Atlantis Blue,,,1,16777.0,,,1,1,4
ford figo 2016 (Ford),"रू. 15,50,000",,,,,1,,,,0,1,9
Volkswagen Polo 1.6 (Volkswagen),"रू. 16,50,000",few times,Grey,12.0,1600.0,1,55708.0,,,0,0,14
kia pincato 2010 full option (Kia),"रू. 97,50,000",personal use,gray,18.0,1200.0,1,57000.0,6 month on engine /gear box /clus plate,,1,0,15
ELECTRIC CAR FOR SALE! BRAND NEW E VERITO (Mahindra),"रू. 20,50,000",5 MONTHS,GREY,160.0,727.5,3,6000.0,100000KM 3 YEARS,,1,0,5
Hyundai Santro Fresh 2011 (Hyundai),"रू. 14,00,000",Persona,Silver,14.0,1084.0,1,57560.0,Company,,0,0,14
golden chance 2015 model i20 active s car on sale (Hyundai),"रू. 22,99,999",,,,,1,,,,0,0,10
2014 Honda City (Honda),"रू. 20,99,000",,Maroon,,,1,55000.0,,,0,0,11
2014 Honda City on Sale (Honda),"रू. 20,99,000",,Maroon,16.0,,1,55000.0,,,0,0,11
Swift ZXI 2009 9823584566 (Maruti Suzuki),"रू. 14,25,000",14 years,Dust grey,13.0,1300.0,1,70000.0,,,0,0,16
TATA INDIGO MANZA LX (Tata),"रू. 14,00,000",,white,18.0,1248.0,2,60000.0,,,0,0,11
Sonalika tractor (Other Brands),"रू. 12,50,000",,Blue,,,2,,,,0,0,5
Volkswagen Polo (Volkswagen),"रू. 14,80,000",,White,,1200.0,1,,,,0,0,13
"Swift Vxi 2017 model, single hand (Maruti Suzuki)","रू. 20,00,000",office,Silver,16.0,1200.0,1,35200.0,-,,1,0,8
2022 Kia seltos HTK+ imt semi auto (Kia),"रू. 52,00,000",6months,White,15.0,1500.0,1,6700.0,5years company warranty,,0,0,3
5lakh cash ma ramro vhanda ramro gadi chahiyo? (Other Brands),"रू. 5,00,000",,,,,1,,,,0,0,20
"Tata Motors, Winger,2017, Yellow , 14 Seats (Tata)","रू. 21,00,000",School,Yellow,,1948.0,2,93726.0,,,0,0,8
Maruti Suzuki swift (Maruti Suzuki),"रू. 19,50,000",Office purpose,Silver,13.0,1200.0,1,47000.0,Visit check up,,1,0,12
hurry hurry aayo compass limited jeep xito xito xi (Jeep),"रू. 80,00,000",personal,cream white,17.0,1956.0,2,9500.0,,,0,0,4
Opel corsa 1.4 (Other Brands),"रू. 3,75,000",,Silver,10.0,1400.0,1,71000.0,,,0,0,25
Maruti suzuki Astar (Maruti Suzuki),"रू. 9,20,000",,,,,1,70000.0,,,1,0,16
"Nissan X-trail, 2010, beige colour, diseal (Nissan)","रू. 32,00,000",,beige,,2000.0,2,70000.0,,,0,1,15
Skoda Khushaq (Skoda),"रू. 55,00,000",16 months,Selki silver,15.0,1000.0,1,24800.0,Yes,,0,0,4
Kia Seltos auto 2021 (Kia),"रू. 57,50,000",2,Pearl White,10.0,1500.0,1,14500.0,1 years,,1,0,4
hyundai eon era + (Hyundai),"रू. 11,75,000",9year,nilo,15.0,800.0,1,32000.0,0,,0,0,12
Brezza Zxi+ Petrol 2021 Model (full Options) (Maruti Suzuki),"रू. 41,25,000",,Silky silver,16.0,1500.0,1,12000.0,,,0,0,4
Nexon Ex. 2022 LUX 12000km only (Tata),"रू. 37,00,000",,blue white,270.0,30.0,3,12000.0,almots 8 yrs,,1,0,3
Land cruiser Prado tx (Toyota),"रू. 1,67,00,000",,White,,2882.0,2,46543.0,,,1,1,9
Mistubishi ls200 (Mitsubishi),"रू. 76,50,000",2,Blue,12.0,2400.0,2,32000.0,,,0,1,5
Hyundai Create 2017 Model White Color (Hyundai),"रू. 33,00,000",5 year’s,White,15.0,1599.0,1,70000.0,No,,0,0,8
terious 2008 model is for sale (Daihatsu),"रू. 27,75,000",persional,white,,1500.0,1,71000.0,accident free,,0,1,17
eeco van (Maruti Suzuki),"रू. 14,00,000",,silver,12.0,1200.0,1,,,,0,0,10
Vitara Brezza 2020 Zxi+ (Maruti Suzuki),"रू. 40,00,000",2 years,Red + Black,15.0,1500.0,1,34000.0,3 yeara,,0,0,5
Baleno Zeta 2020 (Maruti Suzuki),"रू. 30,00,000",1 year,Blue,18.0,1200.0,1,11000.0,4 years,,0,0,5
Fresh Mini Jeep On Sell (Other Chinese Brands),"रू. 10,05,000",,Silver,12.0,1300.0,1,0.0,,,0,0,16
Tata Yodha 2021 Model (Tata),"रू. 15,00,000",1 year,White,,2900.0,2,45000.0,,,0,0,4
maruti suzuki ritz (Maruti Suzuki),"रू. 12,25,000",6,gray,15.0,1200.0,1,62000.0,no,,1,0,15
Toyota Fortuner 2010 (Toyota),"रू. 70,00,000",,Golden,10.0,2800.0,2,52000.0,,,0,1,15
"Maruti Suzuki Alto 800 Lxi, (Maruti Suzuki)","रू. 13,25,000",,Red,18.0,800.0,1,42500.0,,,0,0,9
car swift ZXI (Maruti Suzuki),"रू. 23,00,000",personal used,Grey,,1200.0,1,25000.0,no warranty,,1,0,9
Single Handed Bolero D/c 4wd P/s 2018 For Sell (Mahindra),"रू. 21,00,000",,White,15.0,2523.0,2,59000.0,,,0,1,7
I 20Asta Elite (Hyundai),"रू. 27,50,000",Years,Gray,,1200.0,1,23000.0,,,0,0,9
"Grand i10 magna 1.2, (Hyundai)","रू. 25,25,000",,silver,15.0,1200.0,1,17000.0,,,0,0,6
Skoda yeti in excellent condition (Skoda),"रू. 23,25,000",12,Black,12.0,1.8,1,72000.0,No,,0,1,15
Bolero Double cab for sale (Mahindra),"रू. 23,50,000",,Off white,,2500.0,2,,,,0,0,4
i20 Sportz 2010 for sale (Hyundai),"रू. 15,99,000",11 years,Grey,14.0,1197.0,1,60500.0,No warranty,,0,0,15
Suzuki Omni Cargo Van 2012 Contact no. 9813293195 (Maruti Suzuki),"रू. 4,20,000",,White,18.0,800.0,1,,,,1,0,13
"Hyundai i10 2011 model, Good condition (Hyundai)","रू. 15,00,000",1st hand drive,blue,,1200.0,1,45400.0,,,0,0,14
Kia seltos HTX IVT Automatic transmission (Kia),"रू. 58,00,000",Commercial vehicle,White,14.0,1600.0,1,8000.0,Available upto 1yr,,1,0,4
Fresh eco van ungent sale (Maruti Suzuki),"रू. 20,75,000",,silver,,1200.0,1,31000.0,,,0,0,4
car on sale (Mahindra),"रू. 29,75,000",companye,silver,16.0,2179.0,2,62370.0,no,,0,0,9
Ssangyong TIVOLI 2019 (1600 CC) (Ssangyong),"रू. 39,90,000",,Red,,1600.0,1,38000.0,,,1,0,6
Bus on sale tata 2010 kritipur to ratnapark root (Tata),"रू. 7,00,000",,,,3500.0,2,,,,0,1,15
Suzuki Swift Zxi 2014 (Maruti Suzuki),"रू. 21,00,000",8,White,18.0,1200.0,1,58000.0,Engine,,0,0,11
tata mobil gadi on sell (Tata),"रू. 3,50,000",work,blue,7.0,1948.0,2,35000.0,,,1,0,18
Van (Maruti Suzuki),"रू. 4,00,000",,White,14.0,800.0,1,5500.0,,,1,0,11
fresh gadi kehi problem xaina 2010 model 950000 (Mahindra),"रू. 9,50,000",,,,2500.0,2,,,,0,0,15
Fully Loaded Full Option Branded Car Opel Corsa (Other Brands),"रू. 3,95,900",15 years,Silver,15.0,1600.0,1,50000.0,,,0,0,25
Scorpio lx (Mahindra),"रू. 23,50,000",,Army green,15.0,2200.0,2,97500.0,,,0,0,11
Super Fresh High Copy Of Terios 2011 Zotye 1.6 ABS (Other Chinese Brands),"रू. 10,75,900",8 years,Blue,15.0,1600.0,1,40000.0,,,0,0,14
FIAT AVVENTURA 1.4 DYNAMIC ON SALE (Fiat),"रू. 16,00,000",personal use,Silver,12.0,1383.0,1,25125.0,,,0,0,10
Tata indica model 2007 500000 9860462630 (Tata),"रू. 5,00,000",,Black,,1500.0,2,71000.0,,,0,0,18
Chevrolet Spark on Sale (Chevrolet),"रू. 9,00,000",5 years,Golden,18.0,995.0,1,30000.0,,,0,0,13
Well maintained Scorpio on sale (Mahindra),"रू. 17,20,000",,White,,2400.0,2,100000.0,,,0,0,18
Hyundai i20 sportz 2010 urgent Sale (Hyundai),"रू. 15,00,000",,White,,1198.0,1,43000.0,,,1,0,15
Santro Xing Car for sale (Hyundai),"रू. 10,50,000",,Sky blue,,1086.0,1,,,,0,0,19
Toyota corolla /1975/ (Toyota),"रू. 18,00,000",private,silver,12.0,1200.0,1,95000.0,no warranty,,0,0,50
Suzuki Baleno Delta 2018 Model (Maruti Suzuki),"रू. 22,65,000",,Premium silver,16.0,1200.0,1,43000.0,3 months,,0,0,7
I20 actives 2016 model on sell or xchange (Hyundai),"रू. 26,00,000",,white,,1200.0,1,34000.0,,,0,0,9
kia sportage 2.0 korean (Kia),"रू. 14,50,000",private,red,11.0,2000.0,2,95000.0,no warranty,,0,1,20
ecosport on sell (Ford),"रू. 19,00,000",,,,1000.0,1,,,,0,0,12
Toyota Corolla Lx 2009 Auto A/C 6 Airbag On Sale (Toyota),"रू. 23,50,000",,White,12.0,1600.0,1,55000.0,,,0,0,16
Skoda Rapid Model 2015 1600 Cc (Skoda),"रू. 16,00,000",,Silver,12.0,1600.0,1,65000.0,,,0,0,10
Santo xing on sale full option 2003 model on sale (Hyundai),"रू. 8,00,000",,,,1086.0,1,90000.0,,,0,0,22
2002 model full option santro for sale (Hyundai),"रू. 5,70,000",6 years,Sky blue,14.0,1086.0,1,89.0,No,,0,0,23
2001 model frees santro for sale (Hyundai),"रू. 4,70,000",7 years,White,14.0,1000.0,1,95.0,No,,0,0,24
2021 model Sonet like new only 10000 KM run (Kia),"रू. 30,80,000",1 year,Grey,12.0,1200.0,1,10000.0,Dealer,,0,0,4
Tata nexon EV (Tata),"रू. 38,50,000",,,,,3,,,,1,0,3
sale (Hyundai),"रू. 12,90,000",parsonal,gray,12.0,1200.0,1,67000.0,no,,0,0,17
Suzuki AStar zxi (Maruti Suzuki),"रू. 11,25,000",,Blue,20.0,1000.0,1,72000.0,,,1,0,15
Hyundai Santro Xing Xo 2005 (Hyundai),"रू. 9,50,000",,White,,1086.0,1,,,,0,0,20
Hyundai Santro Gls Plus 2013 (Hyundai),"रू. 14,90,000",,Grey,,1086.0,1,40000.0,,,0,0,12
Maruti Suzuki Baleno Delta 2016 (Maruti Suzuki),"रू. 20,75,000",,Blue,,1197.0,1,39000.0,,,0,0,9
Maruti Suzuki Zen Estilo Vxi 2010 (Maruti Suzuki),"रू. 10,75,000",,Silver,,996.0,1,61477.0,,,0,0,15
2010 Maruti Suzuki (Maruti Suzuki),"रू. 13,00,000",,,,,1,,,,0,0,15
Cargo maruti (Maruti Suzuki),"रू. 5,00,000",Carring goods,White,15.0,800.0,1,40000.0,No,,0,1,10
"2015 model swift zxi singlehanded sale,exng bike (Maruti Suzuki)","रू. 22,50,000",,Silver,,1200.0,1,46000.0,,,0,0,10
FINANCE PANI Hatti Gadi Urgent Sell 9849193421 (Tata),"रू. 11,00,000",delevery,white,16.0,1405.0,2,95000.0,no,,0,1,7
Hyundai i20 asta 2010 (Hyundai),"रू. 15,25,000",,51000,,1198.0,1,,,,0,0,15
Nissan Magnite XV Dual (Nissan),"रू. 40,34,000",,,,999.0,1,,,,0,0,2
"2016 Swift Dezire Vxi Sale, Exchange, Finance (Maruti Suzuki)","रू. 20,75,000",Private,Brown,16.0,1200.0,1,47000.0,,,0,0,9
santro xing (Hyundai),"रू. 6,50,000",,sliver,15.0,1000.0,1,80000.0,,,0,0,24
GRAND I 10 Magna 1.2 (Hyundai),"रू. 25,50,000",,Silver,,1196.0,1,17000.0,,,0,1,6
Puegot (Other Brands),"रू. 5,00,000",,sky,,2800.0,1,90000.0,,,0,0,24
Volswagen CrossPolo (Volkswagen),"रू. 20,50,000",,black,,1600.0,1,35000.0,,,0,0,10
Fiat Aventura (Fiat),"रू. 15,50,000",,white,13.0,1400.0,1,35000.0,,,0,0,10
Hyundai Creta Sx top variant (Hyundai),"रू. 45,75,000",,white,,1500.0,1,38000.0,,,0,0,6
Ecosport ford Ambient (Ford),"रू. 22,50,000",,Orange,,15000.0,1,50000.0,,,0,0,9
S Hyundai i20 Active (Hyundai),"रू. 28,65,000",,chocolate,,1197.0,1,35000.0,,,0,0,8
Top variant Hyundai i 20 Active (Hyundai),"रू. 29,00,000",,white,,1200.0,1,38000.0,,,0,0,8
Chevrolet Optra (Chevrolet),"रू. 12,50,000",,golden,,1400.0,1,38000.0,,,0,0,13
Grand i10 Magna New shape (Hyundai),"रू. 23,00,000",,mehroon,14.0,1200.0,1,27000.0,,,0,0,7
volswagen Tiguan (Volkswagen),"रू. 31,50,000",,Grey,,2000.0,1,75000.0,,,0,0,15
Suzuki Breeza zxi plus (Maruti Suzuki),"रू. 39,75,000",,Red,,1300.0,1,30000.0,,,0,0,4
Hyundai i10Magna (Hyundai),"रू. 12,65,000",,Blue,,1197.0,1,61000.0,,,0,0,16
Green Indica (Tata),"रू. 3,95,000",,green,,1400.0,2,75000.0,,,0,0,22
Tata Indica (Tata),"रू. 3,90,000",,black,13.0,1400.0,1,90000.0,,,0,0,25
Bolero pickup Fully loaded (Mahindra),"रू. 15,50,000",,white,13.0,2523.0,2,45000.0,,,0,1,9
Ford Ecosport Titanium push bottom (Ford),"रू. 24,25,000",,orange,13.0,1500.0,1,38000.0,,,0,0,9
Hyundai I20 Elite Asta (Hyundai),"रू. 22,75,000",,silver,14.0,1200.0,1,40000.0,,,0,0,10
Nissan March (Nissan),"रू. 15,25,000",,silver,14.0,1197.0,1,38000.0,,,0,0,11
Suzuki Swift VXI 2009 for sale (Maruti Suzuki),"रू. 13,99,000",11 years,Grey,14.0,1300.0,1,52000.0,No warranty.,,0,0,16
Diahatsu Sirion (Daihatsu),"रू. 8,75,000",,silver,14.0,1000.0,1,61000.0,,,0,0,18
Hyyundai Tucson (Hyundai),"रू. 21,50,000",,Red,13.0,2000.0,2,78000.0,,,0,1,18
Suzuki cargo van (Maruti Suzuki),"रू. 5,40,000",,white,14.0,800.0,1,610000.0,,,0,0,11
Toyota Yaris silver colour one hand 2007 (Toyota),"रू. 14,00,000",Private,Silver,14.0,1400.0,1,100000.0,No,,1,0,18
Suzuki Swift Dezire New Shape (Maruti Suzuki),"रू. 21,90,000",,Mehroon,14.0,1197.0,1,38000.0,,,0,0,8
wagon r (Maruti Suzuki),"रू. 13,75,000",Private,silver,16.0,1000.0,1,28000.0,no,,0,0,11
Grand i10 Asta 2014 (Hyundai),"रू. 21,25,000",,Stardust,,1197.0,1,48000.0,,,0,0,11
Ford Fiesta Classic (Ford),"रू. 11,50,000",,White,16.0,1400.0,2,70.0,,,0,0,11
Toyota fortuner 2015 model (Toyota),"रू. 97,00,000",,white,,3000.0,2,,,,0,1,10
Honda brio smt 2012 model seal pack engine (Honda),"रू. 13,50,000",10 years,Blue,14.0,1200.0,1,59000.0,No,,0,0,13
Mazda 2 (Mazda),"रू. 16,25,000",,,,1500.0,1,61000.0,,,0,0,15
Grand Vitara 2007 model (Maruti Suzuki),"रू. 19,50,000",,Silver,,,1,,,,0,1,18
Polo 1.6 2013 Highline (Volkswagen),"रू. 17,25,000",,,,,1,62000.0,,,0,0,12
Mahindra E2o Electric Car (Mahindra),"रू. 13,75,000",,,,,3,,,,1,0,9
swift vxi 2012 mode is for sale (Maruti Suzuki),"रू. 16,75,000",persional,silver,,1200.0,1,52000.0,accident free,,0,0,13
Second hand Bolt XM (Tata),"रू. 19,99,999",,Dew white,17.0,1200.0,1,50000.0,,,0,0,8
Suzuki car (Maruti Suzuki),"रू. 7,50,000",,gray,,800.0,1,,,,0,0,17
सबै भन्दा सस्तो मूल्यमा indigo 2010 full option (Tata),"रू. 7,95,000",personal use,artic silver,18.0,1405.0,2,64000.0,no,,0,0,15
2021 model Hyundai Venue-S 9847699255 (Hyundai),"रू. 36,50,000",,white,,1200.0,1,21000.0,,,0,0,4
KIA SELTOS HTK+2020 (Kia),"रू. 42,75,000",Self,Magnative Gray,16.0,1500.0,1,28500.0,,,0,0,5
Magnite like new (Nissan),"रू. 24,50,000",,Silver,15.0,1000.0,1,5600.0,,,0,0,4
Second hand swift zxi (Maruti Suzuki),"रू. 19,00,000",,Metallic grey,18.0,1200.0,1,45000.0,,,1,0,12
Hyundai Creta E+ On Sale (Hyundai),"रू. 39,50,000",,White,,1600.0,1,20000.0,,,0,0,6
Maruti Suzuki Celerio Auto Gear On Sale (Maruti Suzuki),"रू. 18,50,000",,Green,12.0,1000.0,1,40000.0,,,1,0,11
Second hand Nexon (Tata),"रू. 34,00,000",,Dark blue,18.0,1500.0,2,40000.0,,,1,0,7
Hyundai Santro On Sale (Hyundai),"रू. 11,00,000",,Silver,,1000.0,1,60000.0,,,0,1,18
Hyundai I20 Active S On Sale (Hyundai),"रू. 28,50,000",,Brown,,1200.0,1,50000.0,,,0,0,8
2010 model Tata Safari VX 7 sitter 4wd 9847699255 (Tata),"रू. 11,75,000",,green,,2169.0,2,70000.0,,,0,1,15
Mahindra Scorpio S4 On Sale (Mahindra),"रू. 31,50,000",,Blue,12.0,2200.0,2,50000.0,,,0,0,9
Full option Ford Ecosport for Sale (Ford),"रू. 22,99,000",7 years,Smoke Grey,15.0,1499.0,2,50000.0,,,0,0,10
Airport Pick-up & Drop (Maruti Suzuki),"रू. 15,00,000",,,,1100.0,1,,,,0,0,10
VW Taigun for sale (Volkswagen),"रू. 62,00,000",,Steel Grey,,,1,17000.0,,,1,0,4
Volkswagen Touareg 2010 (Volkswagen),"रू. 62,00,000",12,White,,2967.0,2,98000.0,,,1,1,15
Hyundai Creta 1.6 Gasoline Sx for sale (Hyundai),"रू. 55,00,000",Private,Polar White,,1591.0,1,30000.0,,,0,0,6
Renault duster (rxl) (Renault),"रू. 24,00,000",private,orange-coloured,12.0,1596.0,1,36000.0,no warranty,,0,0,9
Ufo jonway chinese (Other Chinese Brands),"रू. 10,50,000",private,white metallice,10.0,1596.0,1,65000.0,no warranty,,0,0,15
santro 2003 (Hyundai),"रू. 6,50,000",,,15.0,1000.0,1,,,,0,0,22
Hyundai I20 Asta Diesel engine CRDI (Hyundai),"रू. 13,75,000",,Silver,,1400.0,2,47000.0,,,0,0,15
SUPER FRESH CONDITION SUZUKI SWIFT DEZIRE ON SALE (Maruti Suzuki),"रू. 11,85,000",12 years,Silver,15.0,1300.0,1,45000.0,,,0,0,16
Tata Ace Ht 2017 (Tata),"रू. 6,30,000",Halka saman matra bokeko,Blue,15.0,702.0,2,5900.0,No,,1,0,8
Maruti Suzuki Eeco Van 5seater With AC 2017 Model (Maruti Suzuki),"रू. 14,75,000",,White,,1196.0,1,38300.0,,,0,0,8
maruti suzuki brezza vxi 2021 (Maruti Suzuki),"रू. 40,50,000",personal,premium silver,20.0,1500.0,1,17000.0,as per company rules,,0,0,4
Kia Sportage single hand with multiple airbag (Kia),"रू. 57,00,000",,grey,,2500.0,2,36200.0,,,0,1,9
maruti Suzuki Eeco van with AC (5seater) (Maruti Suzuki),"रू. 14,75,000",,white,,1196.0,1,38300.0,,,0,0,8
Mahindra Scorpio S4 plus 2016 single hand (Mahindra),"रू. 33,00,000",,silver,,2000.0,1,56000.0,,,0,0,9
Hyundai Kona Electric 150kW (Hyundai),"रू. 65,00,000",1.5 years,metallic blue,550.0,,3,20000.0,7 years battery warranty,,1,0,5
Fresh Condition Suzuki Swift Vxi 2009 Model onsale (Maruti Suzuki),"रू. 13,50,000",,silver,13.0,1298.0,1,64000.0,,,0,0,16
Hyundai tucson (Hyundai),"रू. 23,50,000",private,blue,12.0,2000.0,2,73000.0,no warranty,,0,1,16
Fresh Condition I10 Magna 1.2 2013 Model For Sell (Hyundai),"रू. 17,00,000",,Cream white,14.0,1200.0,1,62000.0,,,0,0,12
Urgent Sale Tata xenon Doible cabin 4 WD 2015 (Tata),"रू. 14,00,000",,silver,,2200.0,2,130000.0,,,0,1,10
Hyundai Creta 2022 model (Hyundai),"रू. 48,00,000",,white,,,2,,,,0,0,3
hilux on sale (Toyota),"रू. 76,00,000",personal,white,15.0,2700.0,1,65000.0,nop,,1,1,8
suzuki brezza zdi+ (Maruti Suzuki),"रू. 31,00,000",private,grey,18.0,1248.0,2,56000.0,no warranty,,0,0,8
Tata Sumo Victa 2008 (Tata),"रू. 9,75,000",,silver,,1948.0,2,56000.0,,,0,0,17
I10 Magna 2009 ( 9851008482) (Hyundai),"रू. 13,50,000",,Black,,1197.0,1,,,,0,0,16
Eicher terra 16xp tipper sasto ma bikrima (Eicher),"रू. 37,00,000",,Yellow,,4898.0,2,3700.0,,,0,0,4
suzuki alto (Maruti Suzuki),"रू. 6,99,000",personal use,silver,,800.0,1,,,,1,0,18
Tata indica 500000 9860462630 (Tata),"रू. 5,00,000",,Black,,1500.0,1,20.0,,,1,0,18
Swift Dzire 2010 Model (Maruti Suzuki),"रू. 14,00,000",1 year,Grey,15.0,1300.0,1,61000.0,1 week,,0,0,15
Ufo jeep for sale (Other Chinese Brands),"रू. 15,00,000",,Mate Black,,1600.0,1,86000.0,,,0,0,15
Excellent Condition Maruti Suzuki Alto 800 On Sale,"रू. 12,50,000",,Grey,,800.0,1,40352.0,,,0,0,10
omni cargo van 2012 for sale (Maruti Suzuki),"रू. 5,25,000",few years,white,10.0,800.0,1,8200.0,no,,0,0,13
good condition somu gold ex 2016 ko fresh xa (Tata),"रू. 15,00,000",privet,read,14.0,2900.0,2,80000.0,no,,0,0,9
good condition bolero dubele cap 4×4 (Mahindra),"रू. 17,50,000",privet,white,12.0,2523.0,2,60000.0,no,,0,1,7
Double Cabin bolero on Sell with full condition (Mahindra),"रू. 13,50,000",,,,,2,,,,1,1,11
Like New 2021 Suzuki Wagon R up for sale (Maruti Suzuki),"रू. 22,75,000",,Grey,,1000.0,1,15000.0,,,0,0,4
Hyundai I 10 Megna car On sell. (Hyundai),"रू. 13,25,000",,Silver,,1200.0,1,70000.0,,,1,0,16
Swift Zxi 2015 Model With Push Bottom On Sale (Maruti Suzuki),"रू. 21,49,999",,Red,16.0,1200.0,1,41100.0,,,0,0,10
2017 model bolero flat body sale or exng with car (Mahindra),"रू. 14,50,000",,White,,2500.0,1,53000.0,,,0,0,8
Maruti Suzuki Alto (Maruti Suzuki),"रू. 11,00,000",singal hand,silver,17.0,1000.0,1,58000.0,no,,0,0,14
Honda City Zxi (Honda),"रू. 11,00,000",,Silver,,1500.0,1,75000.0,,,0,0,18
Nissan Patrol Automatic (Nissan),"रू. 1,15,00,000",,Silver,,3000.0,2,,,,1,1,11
Hyundai i20 Active (Hyundai),"रू. 25,00,000",7 years',silver,15.0,1200.0,1,81000.0,No,,0,0,9
Daihatsu terios 2014 model for sale (Daihatsu),"रू. 43,00,000",,White,,1500.0,1,59000.0,,,0,1,11
Santro For Sale (Hyundai),"रू. 11,50,000",Home,Black,13.0,1096.0,1,57000.0,,,0,0,18
2007 model maruti sujuki 800 car (Maruti Suzuki),"रू. 5,15,000",,white,19.0,796.0,1,,,,1,0,18
2002 model maruti 800 car (Maruti Suzuki),"रू. 3,65,000",,white,18.0,796.0,1,56000.0,,,1,0,23
Cargo Van (Maruti Suzuki),"रू. 3,50,000",1 year,Whitr,10.0,800.0,1,80000.0,No,,1,0,15
Crane (Other Brands),"रू. 25,00,000",,,,,1,,,,0,0,15
Swift Vxi 2009 (Maruti Suzuki),"रू. 13,85,000",,asure blue,14.0,1300.0,1,76500.0,,,0,0,16
Tata Ace xL (Tata),"रू. 9,50,000",2 years,Cream,,700.0,2,28250.0,,,0,0,5
MG ZS EV 2021 model (Other Brands),"रू. 51,00,000",,White,,,3,,,,1,0,4
Jimny Suv (Maruti Suzuki),"रू. 17,00,000",Personal,Army green,18.0,1200.0,1,98000.0,No,,0,1,27
Santro (Hyundai),"रू. 22,25,000",,Grey,,1086.0,1,15000.0,,,0,0,4
Hyundai i20 Asta 1.4 Automatic for Sale!!! (Hyundai),"रू. 18,00,000",,Marron,,1400.0,1,76342.0,,,1,0,15
Hyundai Santro Era 2021(9851008482) (Hyundai),"रू. 22,25,000",,Grey,,1100.0,1,15000.0,,,0,0,4
Hyundai Santro 2014 Silver (Hyundai),"रू. 16,00,000",sometimes,Silver,14.0,1186.0,1,35000.0,,,0,0,11
For Sale (Eicher),"रू. 6,50,000",,,,,2,,,,1,1,10
nissan supersaloon sedan car (Nissan),"रू. 12,50,000",personel use,metalic very light gold,13.0,1596.0,1,69000.0,no,,0,0,19
Swift Zxi 2016 (Maruti Suzuki),"रू. 22,60,000",,,,1200.0,1,42000.0,,,0,0,9
2011 BOLERO DOUBLE CAB 4WD (Mahindra),"रू. 9,50,000",,WHITE,12.0,2523.0,2,77000.0,,,0,1,14
Single Hand 2015 Swift dzire zxi (Maruti Suzuki),"रू. 21,00,000",,grey,14.0,1197.0,1,47000.0,,,0,0,10
Single hand 2010 i20 asta (Hyundai),"रू. 15,75,000",,grey,13.0,1197.0,1,58000.0,,,0,0,15
Modified Small Hatchback Daihatshu cuore! (Daihatsu),"रू. 5,75,000",1 year,Blue,12.0,850.0,1,98521.0,,,0,0,28
14 model Bolero is in sale (Mahindra),"रू. 10,50,000",Chicken suppliers,White,10.0,2900.0,2,790000.0,No,,0,0,11
Ecosport Signature 2018(9851008482) (Ford),"रू. 35,50,000",,Blue,,1500.0,1,,,,0,0,7
Tata Zest 2017 (Tata),"रू. 24,00,000",2 years,Silver,15.0,1200.0,1,29000.0,3 years,,0,0,8
Hyundai eon era+ (Hyundai),"रू. 10,75,000",,blue,22.0,814.0,1,45000.0,,,0,0,12
Scorpio S4 Urgently Sell Ma (Mahindra),"रू. 26,50,000",7 Years,White,15.0,2179.0,2,155000.0,No,,1,0,10
Ford Figo Titanium 2013 (Ford),"रू. 12,00,000",Office and home,White,15.0,1200.0,1,56000.0,,,0,0,12
Automatic Suzuki celerio on sale (Maruti Suzuki),"रू. 18,00,000",,metallic green,,1000.0,1,,,,1,0,11
Santro 2010 Fresh (Hyundai),"रू. 13,00,000",13 years,White,12.0,1100.0,1,75000.0,Buy Back,,0,0,15
Toyota Pickup (Toyota),"रू. 8,75,000",,red,,2800.0,2,,,,1,1,28
santro bikrima (Hyundai),"रू. 10,25,000",10,grey,18.0,1100.0,1,100000.0,,,0,0,19
Suzuki Swift 2007 (Maruti Suzuki),"रू. 11,00,000",,,,1300.0,1,72256.0,,,0,0,8
scorpio2015 (Mahindra),"रू. 17,00,000",,white,,,2,,,,1,1,10
2014 modal ko mahendra sell (Mahindra),"रू. 8,95,000",,silbar,12.0,5223.0,2,9800.0,,,1,0,11
Hyundai i10 magna 1200 cc on sell (Hyundai),"रू. 12,75,000",family,blue,14.0,1200.0,1,62000.0,no,,0,0,17
Nexon ev xz+ (Tata),"रू. 36,00,000",13 months,Blue and white,270.0,2425.0,3,25000.0,8 years,,1,0,4
Alto taxi (Maruti Suzuki),"रू. 25,50,000",-,,15.0,800.0,1,,No,,1,0,7
Santro full option (Hyundai),"रू. 10,35,000",personal,silver,15.0,1086.0,1,68500.0,,,0,0,19
Ford freestyle titanium 2018 (Ford),"रू. 23,00,000",Personal,Cream,16.0,1200.0,1,47000.0,,,1,0,7
"Fresh, single handed, driven by doctor i10 sportz (Hyundai)","रू. 14,85,000",hospital to home,silver,14.0,1200.0,1,46374.0,,,0,0,15
KIA SPORTAG on sale (Kia),"रू. 20,00,000",,Coffee,12.0,2000.0,2,54000.0,No,,1,1,19
Hyundai tucson 1991 CC Fully loaded Four wheel 4×4 (Hyundai),"रू. 20,50,000",13 year,maroon,16.0,1991.0,2,85000.0,No,,1,1,16
Sonata (Hyundai),"रू. 27,00,000",11,Silver,10.0,2000.0,1,50000.0,,,0,0,15
Kia Niro Ev (Kia),"रू. 55,00,000",,Silver,,,3,46000.0,,,1,0,6
Scorpio Pick Up 2016 4wd,"रू. 23,00,000",Valley,Silver,18.0,2500.0,2,60965.0,No,,0,1,9
isuzu v-cross (Other Brands),"रू. 44,99,999",,sliver,,2499.0,2,56000.0,,,0,1,8
Ford Ecosport (Ford),"रू. 17,70,000",,Black,,1500.0,1,75000.0,,,0,0,10
Land cruiser Prado vx 2017 model (Toyota),"रू. 2,40,00,000",,Silver,,3000.0,2,78564.0,,,1,1,8
2003 model ko Omni seater van on sale (Maruti Suzuki),"रू. 4,00,000",20 years,white,14.0,796.0,1,70000.0,,,1,0,22
Toyota Corolla LX exceptional condition for sale (Toyota),"रू. 20,50,000",,Red,18.0,,1,77000.0,,,0,0,16
Excellent 2012 ford Figo with 50 percent finance (Ford),"रू. 9,85,000",9 years,Red,12.0,1200.0,1,52000.0,,,0,0,13
Ford EcoSport wanted (Ford),"रू. 18,00,000",,White,,,1,50000.0,,,0,0,9
Excellent Singlehand 2016 breeza (Maruti Suzuki),"रू. 24,90,000",5 years,Black and white,18.0,1300.0,1,47000.0,,,0,0,9
Taxi 2004 For Sale (Maruti Suzuki),"रू. 6,99,000",,white,69000.0,800.0,1,69000.0,,,0,0,21
Excellent Condition Suzuki Swift Vxi 2009 on sale (Maruti Suzuki),"रू. 13,75,000",,Silver,13.0,1298.0,1,,,,0,0,16
Santro 2003 Model (Hyundai),"रू. 7,75,000",,Blue,,1100.0,1,80000.0,,,0,0,22
Ford Eco Sport on sale (Ford),"रू. 21,50,000",,White,14.0,1500.0,1,42000.0,,,1,0,10
Need Hyundai i10 (Hyundai),"रू. 14,00,000",,,,,1,,,,1,0,13
i20 2016 urgent sale (Hyundai),"रू. 24,00,000",,navy blue,,1200.0,1,30000.0,,,0,0,9
"urgent sell,9844502651.9813628286 (Mahindra)","रू. 15,00,000",8,white,50.0,1200.0,2,,1 year,,1,1,5
urjent (Tata),"रू. 10,50,000",,blue,18.0,800.0,2,30000.0,,,1,0,4
Hyundai I10 magna 2014 (Hyundai),"रू. 17,50,000",,Grey,,,1,,,,0,0,11
I20 Magna (Hyundai),"रू. 14,50,000",,Silver,12.0,1200.0,1,53000.0,,,0,0,15
Isuzu higher lander truck (Other Brands),"रू. 45,00,000",any where,white,11.0,2500.0,2,55000.0,company warranty,,0,1,5
car (Chevrolet),"रू. 5,75,000",,,,1000.0,1,25000.0,,,0,0,13
yodha ba 18 cha 2125 (Tata),"रू. 9,00,000",6 years,white,10.0,2900.0,2,1700000.0,,,0,0,8
6 lakh good condition all tyre new (Kia),"रू. 6,00,000",3year,Gray,,1300.0,1,45000.0,Two months,,1,0,21
Ssangyong Rexton Automatic 4WD (Ssangyong),"रू. 1,10,00,000",,Black,,2157.0,2,35000.0,,,1,1,8
Nissan micra 2017 is on sale (Nissan),"रू. 14,50,000",,silver,12.0,1200.0,1,40000.0,,,0,0,8
Ecosport Titanium Full Option 2021 Ford (Ford),"रू. 34,50,000",Self,Silver,16.0,1497.0,1,30000.0,Company Warrenty,,0,0,4
Ford Figo (Ford),"रू. 16,00,000",5,red,,1656.0,2,70000.0,,,0,1,8
Celerio X ZXI 2018 Maruti Suzuki (Maruti Suzuki),"रू. 21,50,000",,White,20.0,998.0,1,38000.0,,,1,1,7
2008 MODEL TOYOTA PRADO JEEP ON SALE (Toyota),"रू. 70,00,000",PRIVATE,SILVER,6.0,3000.0,2,110000.0,NO,,0,1,17
Kia Sportage 2010 AWD for sell (Kia),"रू. 24,50,000",,Grey,10.0,1998.0,1,56000.0,,,1,1,15
Bolero (Tata),"रू. 16,00,000",,White,,2523.0,2,,,,0,1,9
Honda Amaze 1.2 SMT 2014 (Honda),"रू. 17,75,000",,Light Brown,,1200.0,1,57000.0,,,0,0,11
Nissan Sunny FE 1998 (Diesel) (Nissan),"रू. 4,25,000",,Metallic Silver,,2000.0,2,,,,0,0,27
2014 model single hand alto car (Maruti Suzuki),"रू. 12,50,000",,silver,17.0,800.0,1,23000.0,no,,0,0,11
Swift VXI 2016 (Maruti Suzuki),"रू. 20,00,000",,silver,,1200.0,1,49000.0,,,0,0,9
Land Cruiser Prado 1998 On Sale (Toyota),"रू. 34,00,000",24 years,Blue,10.0,2800.0,2,146000.0,No warranty,,0,1,27
Hyundai Creta S 2015 (Hyundai),"रू. 29,50,000",,Silver,,1600.0,1,,,,0,0,10
Urgent Sale (Safari) (Tata),"रू. 8,50,000",15 Years,Sllver&Gray,12.0,2950.0,2,1500.0,,,1,0,19
Second hand isuzu Dmax (Other Brands),"रू. 15,00,000",,White,,2999.0,2,35000.0,,,0,0,7
Second hand car (Tata),"रू. 13,00,000",,Dew white,,1248.0,2,50000.0,,,0,0,11
brand new suzuki ignis 2022 (Maruti Suzuki),"रू. 34,74,000",New,Nexa blue,17.0,1197.0,1,315.0,As per company rules,,0,0,3
urjent sale (Hyundai),"रू. 11,25,000",5 years,gray,14.0,1086.0,1,76009.0,,,1,0,17
Sale of Car (Datsun),"रू. 15,00,000",,Cream,,1200.0,1,14000.0,,,0,0,8
BMW 318i 2003 Model with Automatic Gear (Other Brands),"रू. 45,00,000",,Blue,,2000.0,1,62000.0,,,1,0,22
Nissan Super Saloon 2007 Model (Nissan),"रू. 12,50,000",,Golden,,1500.0,1,90000.0,,,0,0,18
Ford Endeavour 2016 Model with Automatic Gear (Ford),"रू. 83,00,000",,White,,3200.0,2,73000.0,,,1,1,9
Tata ALTROZ top verient (Tata),"रू. 29,00,000",1 and half year,Silver,16.0,1200.0,1,13000.0,,,0,0,4
venue (Hyundai),"रू. 31,00,000",1.5,Silver,20.0,1200.0,1,6700.0,,,0,0,5
toyota lx 2008 (Toyota),"रू. 19,50,000",14 years,gray,11.0,1600.0,1,71000.0,no,,0,0,17
Hundai tucson 2009 on sell (Hyundai),"रू. 21,00,000",2 years,silver,12.0,2000.0,2,90000.0,,,0,1,16
Kia Hiace for sale. (Kia),"रू. 14,00,000",,Silver,,2600.0,2,114000.0,,,0,0,14
suzuki (Maruti Suzuki),"रू. 8,60,000",,red,17.0,800.0,1,67.0,,,0,0,16
Hyundai I10 for sale (Hyundai),"रू. 18,50,000",Personal,Grey,,1100.0,1,19800.0,,,0,0,10
Santro Xing 10 model Gandaki Zone (Hyundai),"रू. 11,65,000",12 Years,Red berry,50000.0,1075.0,1,50000.0,,,0,0,15
Santro Xing 2007 full option (Hyundai),"रू. 9,50,000",16 Years,White,18.0,1047.0,1,67000.0,,,0,0,18
VW POLO 1.6 (Volkswagen),"रू. 22,00,000",9 yrs,silver,15.0,1600.0,1,47000.0,,,0,0,11
Maruti 2019cargo van (Maruti Suzuki),"रू. 6,85,000",2,white,12.0,800.0,1,,,,1,0,6
Cheverolet spark (american brand) (Chevrolet),"रू. 7,25,000",,Red,,995.0,1,63000.0,,,0,0,16
Creta XsO CVT auto top 2021 (Hyundai),"रू. 66,50,000",1year,White,13.0,1499.0,1,17000.0,4years,,1,0,4
"VOLKSWAGEN POLO 1.6 , 2014 model, Hatchback (Volkswagen)","रू. 20,00,000",Personal single handed,silver,,1600.0,1,21000.0,,,0,0,11
Baleno Zeta 2016 Bagmati (Maruti Suzuki),"रू. 22,50,000",,Polar white,,1200.0,1,59000.0,,,0,0,9
Excellent Condition Alto 800 Lxi 2015 For Sell (Maruti Suzuki),"रू. 12,50,000",,Grey,18.0,800.0,1,40000.0,,,0,0,10
omni cargo (Maruti Suzuki),"रू. 6,35,000",,,,,1,,,,0,0,7
Car (Other Chinese Brands),"रू. 10,00,000",,Red,,1300.0,1,20000.0,,,0,0,17
chevrolet aveo luxurious car for sale (Chevrolet),"रू. 10,50,000",,BALCK,11.0,1600.0,1,68000.0,no warenty,,0,1,17
volkswagen polo highline 1.6 2013 (Volkswagen),"रू. 16,75,000",,silver,,1600.0,1,,,,0,0,12
Like a new MG zs (EV) 110 kw (Other Brands),"रू. 55,00,000",Pravite,White,400.0,2667.5,3,20000.0,Due,,1,0,4
Sell or exchange (Ford),"रू. 19,75,000",Personal,Sea grey,15.0,1500.0,1,31000.0,,,0,0,12
car on sale (Mitsubishi),"रू. 22,50,000",company,white,,2495.0,2,,no,,0,1,18
Tucson 2009 model URGENT sale (Hyundai),"रू. 23,00,000",,Blue,,1997.0,2,67000.0,,,0,1,16
Mahindra Scorpio S5 4WD (Mahindra),"रू. 39,00,000",,White,14.0,2179.0,2,70.0,No,,0,1,8
Hyundai Elantra 2011 Model (Hyundai),"रू. 30,00,000",,Blue Sky Metallic,,1600.0,1,65000.0,,,0,0,14
kia rio fully fresh (Kia),"रू. 8,75,000",few years,silver sky,11.0,1400.0,1,68000.0,no,,0,0,18
car (Maruti Suzuki),"रू. 13,00,000",personal,silver,13.0,1200.0,1,68000.0,no,,0,0,15
Suzuki WagonR 2016 vxi single hand excellent condi (Maruti Suzuki),"रू. 16,50,000",6 year,Grey,14.0,1000.0,1,37000.0,1 year,,0,0,9
Suzuki swift 2021 Zxi+ top option single hand (Maruti Suzuki),"रू. 28,50,000",1 year,Metallic white,14.0,1200.0,1,22000.0,In company warranty,,0,0,4
Brand New Brezza 2023 Model (Maruti Suzuki),"रू. 52,99,000",,,19.0,1462.0,4,,As per company rules,,0,0,2
ford ecosport 2014 automatic (Ford),"रू. 24,50,000",,silver,14.0,,1,44000.0,,,1,0,11
Hyundai Tucson On Sale (Hyundai),"रू. 21,50,000",Short time,marron,12.0,2000.0,2,65000.0,No,,1,1,17
Maruti Suzuki Swift ZXI (Maruti Suzuki),"रू. 26,25,000",,Silky Silver,,1200.0,1,33598.0,,,0,0,7
Polo on sale (Volkswagen),"रू. 23,50,000",,Chocolate,10.0,1699.0,1,47000.0,,,0,0,9
Volkswagen Polo 1.2 Trendline 2012 Model (Volkswagen),"रू. 14,00,000",,Red,,,1,,,,0,0,13
Suzuki Wagon R on sales (Maruti Suzuki),"रू. 11,00,000",,Red,15.0,1061.0,1,49565.0,,,0,0,15
Eco cargo van: model 2019 (Maruti Suzuki),"रू. 12,50,000",,,,1196.0,1,,,,0,0,6
Hyundai Creta 2016 (Hyundai),"रू. 32,00,000",,,,1499.0,1,21500.0,,,0,0,9
Scorpio s4 2016 model (Mahindra),"रू. 31,00,000",,sky blue 🔵,,2200.0,2,,,,0,0,9
Grand i10 Asta 2014 (Hyundai),"रू. 20,90,000",,Grey,,1197.0,1,42000.0,,,0,0,11
I10 Megna 2013 red color (Hyundai),"रू. 16,00,000",3 years,Red,13.0,1200.0,1,62000.0,,,0,0,12
hyundai i 20active s 2016 on cell. (Hyundai),"रू. 24,99,000",,White,,1200.0,1,,,,0,0,9
Kia sonet (Kia),"रू. 32,30,000",,,,,1,8500.0,,,0,0,4
kia Picanto Ex 2010 (Kia),"रू. 11,75,000",,Skey Blue,,1086.0,1,50000.0,,,0,0,15
Grand i10 Magna 2015 (Hyundai),"रू. 20,50,000",,Sleek Silver,,1197.0,1,39000.0,,,0,0,10
Nissan kicks 2021 model (Nissan),"रू. 41,00,000",,grey,,1600.0,1,32000.0,,,0,0,4
"2005 model kia picanto fulloption sale,exng bikes (Kia)","रू. 7,95,000",,Black,,1000.0,1,65000.0,,,0,0,20
Brezza ZXI 2019 (Maruti Suzuki),"रू. 35,00,000",,,,,1,17000.0,,,0,0,6
Hyundai grand i10 nios 2021 (Hyundai),"रू. 29,50,000",Privaye,,13.0,1200.0,1,6000.0,,,0,0,4
2008 model kia sorento fully loaded sale ot exng (Kia),"रू. 20,50,000",,Silver,,2500.0,2,65000.0,,,0,1,17
maruti van (Maruti Suzuki),"रू. 6,90,000",,silver,,800.0,1,65000.0,,,1,0,13
sell for mahindra pick-up bullero 1300000 (Mahindra),"रू. 13,00,000",yes,white,18.0,1600.0,2,81000.0,No,,0,0,12
"Datsun Redi Go, 2016 (Datsun)","रू. 11,50,000",,Grey,22.0,800.0,1,17000.0,,,0,0,9
Vitara brezza 2023 booking open😍 (Maruti Suzuki),"रू. 52,99,000",New,Red and black silver,19.0,1462.0,4,314.0,As per company rules,,0,0,2
Nissan Magnite 2021 Urgent sale (Nissan),"रू. 27,00,000",Personal,White,17.5,1000.0,1,16000.0,,,1,0,4
Sale or Exchange: Volkswagen Cross Polo 1.6 (Volkswagen),"रू. 26,00,000",,Silver,,1600.0,1,23000.0,,,0,0,9
Ford Ranger XL 3.2c 2017 Model Single Hand On Sale (Ford),"रू. 55,00,000",Home,Silver,11.0,3200.0,2,61000.0,,,0,1,8
hyundai creta 2018 on sale (Hyundai),"रू. 37,75,000",,POLAR WHITE,14.0,1500.0,1,35000.0,,,0,0,7
Maruti Suzuki alto k10 vxi. (Maruti Suzuki),"रू. 14,50,000",Hospital,Red,19.0,998.0,1,45000.0,no,,1,0,9
Tata zest XT 2015 model 1200 cc (Tata),"रू. 25,00,000",,,,1200.0,1,,,,0,0,10
Fiat Punto Dynamic 2013 for Sale (Fiat),"रू. 11,00,000",9,Silver,18.0,1248.0,2,69500.0,,,0,0,12
"I10 Sportz Grey ,2011 Model 2 Hand , 52000 Km Run (Hyundai)","रू. 15,80,000",Few,Grey,16.0,1197.0,1,52000.0,No warranty,,0,0,14
omni van 8 seater 2016 single hand (Maruti Suzuki),"रू. 8,50,000",personal,silver,16.0,800.0,1,34000.0,no,,1,0,9
mahindra supro t4 (Mahindra),"रू. 7,50,000",3 years,red,13.0,1000.0,2,75000.0,,,1,0,7
i 10 sale 9813637744 fullopson grey ktm rs 1445/- (Hyundai),"रू. 14,45,000",all is ok,grey light,18.0,1200.0,1,51700.0,yes,,0,0,14
Car (Toyota),"रू. 25,00,000",12yrs,Ash,70.0,,1,70000.0,No,,0,0,14
SWIFT ZXI 2014 On Urgent Sale (Maruti Suzuki),"रू. 18,50,000",8 Years,White,15.0,1197.0,1,,,,0,0,11
Hyundai Creta 2021 sx ivt top model (Hyundai),"रू. 65,00,000",,Typoon silver,15.0,1500.0,1,6000.0,,,1,0,4
skoda laura 2011 (Skoda),"रू. 15,25,000",,black,10.0,1896.0,2,70000.0,,,0,0,14
Hyundai i10 magna (Hyundai),"रू. 15,00,000",N/a,Carbon grey,,1086.0,1,,No,,1,0,14
MG ZS EV 2021 model (Other Brands),"रू. 54,00,000",,White,,,3,,,,1,0,4
Hyundia I 10 magna (Hyundai),"रू. 17,00,000",,,,1197.0,1,48000.0,No,,1,0,13
Grand i10 Sportz on Sale (Hyundai),"रू. 24,75,000",personal,Gray,16.0,1200.0,1,36500.0,,,0,0,7
Ford EcoSport Titanium 2015 Model (Ford),"रू. 22,00,000",,silver,,,1,,,,0,0,10
Hyundai Tucson 2009 model (Hyundai),"रू. 20,00,000",,Green,,,2,,,,0,1,16
Maruti Omni Van 2018 (Maruti Suzuki),"रू. 9,20,000",4 years,silver,13.0,796.0,1,35000.0,No,,1,0,7
Toyota Etios V (Toyota),"रू. 17,00,000",,Grey,,1500.0,1,52000.0,,,0,0,11
Zen Stailo Vxi 2010 (Maruti Suzuki),"रू. 10,25,000",,goldenó,,996.0,1,51000.0,,,0,0,15
Brezza on sale (Maruti Suzuki),"रू. 42,00,000",,silver,,1500.0,1,16000.0,,,0,0,4
TOYOTA YARIS MADE IN JAPAN (Toyota),"रू. 15,99,000",,Red,15.0,1496.0,1,,,,0,0,18
Suzuki Swift VXI 2013 (Maruti Suzuki),"रू. 17,00,000",,Pearl White,,1200.0,1,,,,0,0,12
Mahindra kuv100 k6 (Mahindra),"रू. 17,50,000",,Red,16.0,1000.0,1,44532.0,,,0,0,9
Datsun Go (Datsun),"रू. 11,00,000",7,grey,16.0,,1,65000.0,no,,1,0,11
Suzuki baleno 2017 (Maruti Suzuki),"रू. 20,50,000",,White,,,1,45000.0,,,0,0,8
Kia Picanto 2006 (Kia),"रू. 9,50,000",,Blue,12.0,1086.0,2,72000.0,,,0,0,19
Suzuki (Maruti Suzuki),"रू. 5,20,000",,गेस विज,16.0,1061.0,1,75.0,,,0,0,24
Vw Vento 1.6L Highline Plus 2013 Exchange Also (Volkswagen),"रू. 17,75,000",9 years,Sliver,14.0,1600.0,1,53500.0,5 years,,0,0,12
Mahindra Scorpio S6 plus 2017 (Mahindra),"रू. 34,00,000",,Silver,,2200.0,2,,,,0,0,8
"Kia Sonet , Kiasonet Car SUV (Kia)","रू. 31,25,000",,,,1200.0,1,42000.0,,,0,0,4
Bolero single cab mahindra sell (Mahindra),"रू. 12,00,000",,White,,,2,100000.0,,,1,0,9
Ford Aspire 2015 (Ford),"रू. 15,75,000",Personal use,Smoke Grey,13.0,1196.0,1,485780.0,NO,,0,0,10
Hyundai Creta SXO 2019 model (Hyundai),"रू. 51,50,000",,silver,,,1,,,,0,0,6
Ford Freestyle 2020 model (Ford),"रू. 24,50,000",,Silver,,,1,,,,0,0,5
Hyundai Santro Xing 2010 model (Hyundai),"रू. 11,50,000",,black,,,1,,,,0,0,15
Maruti zen (Maruti Suzuki),"रू. 3,35,000",,,,,1,,,,0,0,25
Volkswagen Vento TSl AT Sales & exchange offer (Volkswagen),"रू. 52,40,000",,,,,1,,,,1,0,4
TATA TIGOR XZ+ (Tata),"रू. 19,99,000",,Silver,20.0,1199.0,1,,,,0,0,8
Isuzu Dmax Vcross (Other Brands),"रू. 52,00,000",,Obsidian grey,,2499.0,2,60000.0,,,0,1,8
Hyundai i20 Active S|2017| Urgent sale| Full fresh (Hyundai),"रू. 27,25,000",Official works only,white,14.0,1200.0,1,30000.0,,,0,0,8
Hyundai Xcent Sx O 2014 (Hyundai),"रू. 20,50,000",,Silky Silver,,1196.0,1,54383.0,,,0,0,11
Maruti suzuki wagoner 2015 (Maruti Suzuki),"रू. 14,55,000",,Marun,,1000.0,1,52000.0,,,0,0,10
Maruti Suzuki swift dzire 2009 ON SALE (Maruti Suzuki),"रू. 11,70,000",personal used,blue,15.0,1200.0,1,85000.0,,,1,0,16
TATA 1109 (Tata),"रू. 27,99,000",,white,,3700.0,2,90000.0,,,0,0,7
Bolero pick up (Mahindra),"रू. 18,00,000",Personal,White,,,2,90000.0,,,1,1,7
Kia on sales (Kia),"रू. 5,50,000",Personal,White,10.0,1200.0,1,320000.0,No,,1,0,21
गाडी बिक्रीमा (Mahindra),"रू. 21,00,000",,white,15.0,2200.0,2,64000.0,,,0,1,10
Scorpio S4+ (Mahindra),"रू. 38,50,000",5,Blue,15.0,2200.0,2,5600.0,,,0,1,8
Hyundai Creta 2017 base model SingleHand For Sale (Hyundai),"रू. 32,85,000",,Silver,10.0,1600.0,1,49000.0,,,0,0,8
Single Hand Used Fully Loaded Family Car Swift VXI (Maruti Suzuki),"रू. 16,75,900",Few Years,Grey,18.0,1197.0,1,55000.0,,,0,0,13
"Volkswagen polo 1.6 2011 silver, fresh condition, (Volkswagen)","रू. 15,00,000",,Silver,12.0,1600.0,1,55000.0,,,0,0,14
Car sell on urgent (Honda),"रू. 12,90,000",Office to home,Maroon,13.0,1350.0,1,75000.0,No,,0,1,18
PROTON WIRA (2003) (Other Brands),"रू. 5,75,000",,,,1498.0,1,19000.0,,,0,0,22
picanto silver (Kia),"रू. 10,50,000",,silver,,1100.0,1,83000.0,,,0,0,16
Hyundai Creta SX+ 2017 Model Fulloptions On Sale (Hyundai),"रू. 41,00,000",,White,12.0,1500.0,1,41000.0,,,0,0,8
Ford figo titanium 2015 (Ford),"रू. 12,50,000",,Grey,15.0,1200.0,1,50000.0,,,1,0,10
Renault duster RXS 2018 (Renault),"रू. 25,00,000",,,,1500.0,1,50000.0,,,0,0,7
Urgent sell (Tata),"रू. 9,50,000",2 years,Blue,20.0,600.0,2,123.0,0,,1,0,4
Picanto 2008 Silver full option (Kia),"रू. 9,00,000",,silver,14.0,1100.0,1,53000.0,,,0,0,17
2013 model ford figo singlehand sale or exng bikes (Ford),"रू. 12,50,000",,Silver,,1200.0,1,43000.0,,,0,0,12
2019 Hyundai Grand i10 Sportz (Hyundai),"रू. 25,75,000",,Titan Gray Metallic,,1197.0,1,20000.0,,,0,0,6
Mahindra xuv 500 w10 2016 model for sale (Mahindra),"रू. 38,50,000",,Orange,,2200.0,2,53000.0,,,0,1,9
Maruti Suzuki Alto 800 for sale (Maruti Suzuki),"रू. 15,00,000",,,,,1,,,,1,0,5
Grand I 10 Magna 1.2 (2019 Model) (Hyundai),"रू. 25,50,000",,Silver,16.0,1196.0,1,17000.0,,,0,0,6
sky vetor dozer on sale (Other Brands),"रू. 45,00,000",,,,,2,,,,0,1,8
TATA VISTA 2010 FOR SALE (Tata),"रू. 7,00,000",4 YEARS,INFINITE BLACK,15.0,1300.0,1,84000.0,,,0,0,15
School bus sale (Other Brands),"रू. 10,50,000",School,Yellow,10.0,3200.0,2,60000.0,No,,1,0,12
tata motors super ace (Tata),"रू. 6,50,000",सामान वसार पसार गर्ने ।,सेतो,12.0,1400.0,2,150.0,इन्जिन 1 बर्ष बेटरि 6 महिना।,,0,0,10
Mazda 3 (Mazda),"रू. 12,75,000",17 years,grey,14.0,1600.0,1,36000.0,none,,0,0,20
toyota corolla old vintage 1975 car (Toyota),"रू. 5,00,000",,,,1200.0,1,50000.0,,,0,1,50
"2006 model suzuki japanese vitara 4wd,fully loaded (Maruti Suzuki)","रू. 19,50,000",,Silver,,2000.0,1,75000.0,,,0,1,19
Urgent sale Maruti van 2018 Model good condition (Maruti Suzuki),"रू. 7,00,000",Delrvery purpose,white,15.0,796.0,1,63000.0,no,,1,1,7
SWIFT LXI 2005 (Urgent Sale ) All Tax cleared (Maruti Suzuki),"रू. 8,99,999",,Silver,,1200.0,1,70000.0,,,0,0,20
Hyundai creta sxo petrol 2019 (Hyundai),"रू. 48,50,000",,White,14.0,1598.0,1,41000.0,,,0,0,6
four sale swift zxi 2017 model (Maruti Suzuki),"रू. 22,50,000",,,15.0,1200.0,1,35680.0,,,0,0,8
Japanese Model Mazda 3 On Sale Air Bag N Abs Fresh (Mazda),"रू. 9,50,000",15 Years,Blue,10.0,1600.0,1,61000.0,w,,0,0,21
pick up van bikrima (Maruti Suzuki),"रू. 2,00,000",,white,16.0,800.0,1,20000.0,,,0,0,26
Brezza Zxi + petrol 2021 Single owner 9851138810 (Maruti Suzuki),"रू. 39,75,000",1 year,WhIte,15.0,1500.0,1,18500.0,,,0,0,4
Single hand Honda Jazz VMT Fully Loaded 2016 (Honda),"रू. 24,75,000",Private,Morun metallic,12.0,1200.0,1,37000.0,Yes,,0,0,9
Santro (Hyundai),"रू. 12,50,000",7 month,Silver,13.0,1096.0,1,78000.0,,,0,0,16
sales (Mahindra),"रू. 12,00,000",comercial,white,,2523.0,2,127130.0,,,0,0,9
indica 2007 model DLE (Tata),"रू. 5,00,000",home to office,white,18.0,1400.0,2,53000.0,no,,1,0,18
Hilux 2010 (Toyota),"रू. 35,00,000",Home,Silver,15.0,2500.0,2,100000.0,No warrant,,0,1,15
Car (Volkswagen),"रू. 14,90,000",Nepal,White,14.0,1600.0,1,38000.0,No,,1,1,14
I10 on sale (Hyundai),"रू. 16,00,000",,Gray,14.0,1100.0,1,33000.0,,,0,0,13
Hyundai i20 active 2016 model in sell (Hyundai),"रू. 26,50,000",,white,,1200.0,1,40000.0,,,0,0,9
Urgent sale Hundai i20 Active (Hyundai),"रू. 29,50,000",Home,Sleek Silver,12.0,1200.0,1,53000.0,,,1,0,10
Kia Sportage 2016 model single handed in sell (Kia),"रू. 57,00,000",,grey,,,2,,,,0,1,9
Nissan Datsun Redi Go Brand New Condition 5000k (Datsun),"रू. 17,50,000",,White,,1000.0,1,5000.0,,,0,0,4
santro full option (Hyundai),"रू. 12,00,000",personal use,red,12.0,1000.0,1,42000.0,no,,1,0,20
Alto Taxi 2019 (Maruti Suzuki),"रू. 2,80,000",3 years,White,17.0,800.0,1,125000.0,,,0,0,6
Scorpio double cab 4wd (Mahindra),"रू. 25,75,000",5 years,Silver,12.0,2200.0,2,88000.0,,,0,1,8
Toyota AVANZA 7 Seater (Toyota),"रू. 17,50,000",,,,,1,,,,0,0,2025
Kia picanto 2008 (Kia),"रू. 8,80,000",,Red,,1086.0,1,70000.0,,,0,0,17
FULL FRESH FULLY LOADED HYUNDAI TUCSON ON SALE (Hyundai),"रू. 18,75,000",13 years,Light blue green,17.0,2000.0,2,66000.0,,,0,1,17
Tucson for sale (Hyundai),"रू. 18,50,000",2,light sky blue,15.0,2000.0,2,560000.0,no,,0,1,18
Maruti Suzuki Swift 2015 Vxi Single Use For Sale (Maruti Suzuki),"रू. 18,75,000",5 year,Grey,16.0,1200.0,1,48000.0,Yes,,0,0,10
Honda City 2014 (Honda),"रू. 20,99,000",9 years,Maroon,12.0,1500.0,1,55000.0,,,0,0,11
hyundai eon (Hyundai),"रू. 9,00,000",,silver,14.0,814.0,1,40000.0,,,0,0,13
Hyundai i20 Asta Dual Tone (Hyundai),"रू. 27,00,000",,White,,1200.0,1,,,,1,0,8
tipper (Tata),"रू. 38,00,000",aa,white,40.0,5883.0,2,50000.0,no,,0,1,6
Maruti Suzuki Zen for sale ! (Maruti Suzuki),"रू. 4,50,000",,sky Blue,17.0,993.0,1,27000.0,,,0,0,23
Maruti Suzuki Brezza Zdi plus 2018 (Maruti Suzuki),"रू. 32,00,000",personal,White,14.0,1400.0,2,43000.0,,,0,0,7
Suzuki Swift ZXI (Maruti Suzuki),"रू. 23,00,000",Personal Home Office inside ktm,Metallic Magma Grey,15.3,1248.0,1,30000.0,,,0,0,9
I20 Sportz Brand New Car for sale. (Hyundai),"रू. 36,00,000",1 Yr,White,20.0,1200.0,1,16000.0,,,0,0,4
Taxi on sell (Maruti Suzuki),"रू. 2,11,000",,,,,1,,,,1,1,10
Renault Duster RXZ+ AWD 2017 DCI for Sale (Renault),"रू. 34,00,000",6Yrs,Grey,12.0,1500.0,2,45000.0,Manufacturer/Importer,,1,1,8
Tata nano(Sky blue) (Tata),"रू. 4,15,000",10years,Sky blue,17.0,624.0,1,32564.0,No,,1,1,-44
endeavor (Ford),"रू. 1,10,00,000",,white,12.0,3200.0,2,62000.0,,,1,1,9
maruti swift (Maruti Suzuki),"रू. 26,50,000",Few time,Silver,19.0,1200.0,1,11000.0,Company..,,0,0,5
Hyundai i10 Magna 2014 (Hyundai),"रू. 17,00,000",,Maroon Red,,1200.0,1,39000.0,,,0,0,11
DATSUN GO 1.2 2016 FOR SALE (Datsun),"रू. 13,25,000",7Yrs,Maroon,12.0,1200.0,1,39000.0,Manufacturer/Importer,,0,0,9
sell (Maruti Suzuki),"रू. 32,00,000",,maroon color (red),14.0,1200.0,2,66000.0,,,0,0,7
Creta Sx + petrol for sale (Hyundai),"रू. 34,50,000",Private,White,12.0,1600.0,1,41000.0,,,0,0,9
Hyundai i20 Active S 2019 (Single Handed) (Hyundai),"रू. 32,00,000",personal Use,White,15.0,1400.0,1,39000.0,,,0,0,6
urgent sell (Tata),"रू. 36,00,000",,green,,1200.0,1,36000.0,,,1,0,4
Suzuki Balena (2017) For Sale! (Maruti Suzuki),"रू. 24,00,000",,,,,1,,,,0,0,8
Mitsubishi L200 - 4WD Pickup - Hilux Model (Mitsubishi),"रू. 20,50,000",,White,8.0,2500.0,2,79000.0,,,0,1,18
Hyundai Tucson 2009 (Hyundai),"रू. 21,00,000",personal Used,Akasilver,12.0,1191.0,2,65000.0,No Warranty,,0,1,16
Sell (Kia),"रू. 25,15,000",Prived,Grey,10.0,2000.0,2,71000.0,"No,",,0,1,16
Mahindra KUV 100 K8 (Mahindra),"रू. 22,50,000",personal,milavared,14.0,1198.0,1,35000.0,No warranty,,1,0,9
ford Figo titanium on sale (Ford),"रू. 10,00,000",,red,,1200.0,1,80000.0,,,0,0,14
Hyundai Tucson ix35 4WD (Hyundai),"रू. 36,50,000",personal,orange,12.0,1995.0,2,87000.0,No Warranty,,0,1,14
Toyota Land Cruiser Prado Vx (Toyota),"रू. 2,35,00,000",,Silver,,4461.0,2,85000.0,,,1,1,8
Ford Ranger Autogear 4wd 55 Lakh Bank Available (Ford),"रू. 88,00,000",,Grey,,3200.0,2,17000.0,,,1,1,5
Volkswagen Tiguan Allspace for sale (Volkswagen),"रू. 87,00,000",Driving,Uranus Grey,,1984.0,1,50000.0,,,1,1,8
Fresh condition Toyota RAV4 (Toyota),"रू. 34,90,000",,Red,,2400.0,1,84000.0,,,1,1,15
Toyota RAV4 2013 Model (Toyota),"रू. 65,00,000",,Grey,,2500.0,1,,,,0,1,12
urgent sale 9841395832 (Mahindra),"रू. 7,50,000",,,,2600.0,2,9.0,,,0,0,10
Maruti Suzuki Swift Dzire Zxi 2015 (Maruti Suzuki),"रू. 21,50,000",,Silver,,1197.0,1,40014.0,,,0,1,10
I10 sportz 1.2 for sale (Hyundai),"रू. 15,99,999",12 years,gry,13.0,1200.0,1,52000.0,no,,0,0,14
Kiger On Sell (Renault),"रू. 25,00,000",Private,Blue,15.0,1000.0,1,18000.0,Available,,0,0,4
i10 Hyundai Magna - Silver (Hyundai),"रू. 15,00,000",Personal use,Silver,14.0,1200.0,1,58000.0,No,,0,0,15
Single handed isuzu s-cab for sale (Other Brands),"रू. 29,75,000",5years,silver,13.0,2500.0,2,30000.0,no,,0,0,7
Ford Figo exi for sale (Ford),"रू. 12,25,000",10 years,silver,13.0,1200.0,1,4000.0,no,,0,0,12
TOYOTA RAV4 FOR SALE (Toyota),"रू. 33,00,000",personal purpose,silver,,2494.0,1,12000.0,,,1,1,10
"Toyota HILUX On Sale RS. 36,00,000 (Toyota)","रू. 36,00,000",Personal Commuting,White,,2755.0,2,,,,0,1,15
Well Maintained Swift Dzire VXI 2012 for sell (Maruti Suzuki),"रू. 17,00,000",10,Silver,13.0,1200.0,1,63000.0,,,0,0,13
vehicle available for sale (Other Brands),"रू. 15,00,000",,Red,120.0,15.0,3,3000.0,,,0,0,3
Tata bus 1512 euro 3 jodi bus sasto ma (Tata),"रू. 5,00,000",5 yrs,blue white,5.0,10000.0,2,60000.0,non,,0,1,9
KIA Sportage urgent sale (Kia),"रू. 18,75,000",14 years,maroon red,13.0,2000.0,2,68000.0,,,0,1,18
Hyundai Santafee (Hyundai),"रू. 80,00,000",,RED,,2199.0,2,,,,1,1,13
tata Indica (Tata),"रू. 5,50,000",,white,,,1,77000.0,,,0,0,18
Baleno (Maruti Suzuki),"रू. 21,50,000",personal,grey,,,1,57186.0,,,0,0,9
Tata sumo bikrima (Tata),"रू. 15,00,000",,black,,2800.0,2,,,,0,0,9
tucson (Hyundai),"रू. 17,50,000",16,blue,12.0,1992.0,2,160000.0,,,1,1,19
Hyundai Santro GL plus 2011 Model (Hyundai),"रू. 14,00,000",,Silver,,1086.0,1,97000.0,,,0,0,14
chevtolet (Chevrolet),"रू. 8,35,000",personal,grey,11.0,1400.0,1,70100.0,,,0,0,15
Single hand grand i10 magna 2018(airbag) on sale (Hyundai),"रू. 22,50,000",,Red,,1200.0,1,27000.0,,,0,0,7
Skoda fabia on sale (Skoda),"रू. 12,50,000",,silver,,1200.0,1,68000.0,,,0,0,13
Volkswagen Polo 1.6 Highline (Volkswagen),"रू. 21,00,000",6 yrs,Silver,,1600.0,1,49000.0,,,0,0,10
tata sumo gold ex 2014 (Tata),"रू. 12,50,000",privet,गोल्डेन,,2956.0,2,,,,0,0,11
Mahindra scorpio pickup (Mahindra),"रू. 24,00,000",,,,2200.0,2,,,,0,1,9
Super Fresh Condition 2007 Model Toyota Hilux (Toyota),"रू. 26,95,000",Personal,White,10.0,2500.0,2,80000.0,Some days,,0,1,18
Toyota Hilux (Toyota),"रू. 26,95,000",Personal,White,10.0,2500.0,2,80000.0,Some days,,0,1,18
Japanese Sirion on Sale (Daihatsu),"रू. 9,30,000",,silver,15.0,1300.0,1,78000.0,,,0,0,18
Tata nexon xza + on sell (Tata),"रू. 37,00,000",personal,silver,20.0,1200.0,1,5000.0,5 years,,1,1,4
New Electric taxi booking open (Tata),"रू. 45,00,000",,white,,,3,0.0,3 years warranty,,1,0,2
jamma 1350000 maa 15 ko tata sumo (Tata),"रू. 14,00,000",,selver,,,2,80000.0,,,1,0,10
Wagonr 2017 model vxi Car sale (Maruti Suzuki),"रू. 16,90,000",personal,red,17.0,999.0,1,31000.0,no,,0,0,8
Hyundai Kona EV 2021 with only 10000 Km (Hyundai),"रू. 55,50,000",,Grey,,,3,10000.0,,,1,0,4
KIA Sportage on Sale!! (Kia),"रू. 9,90,000",,Maroon,13.0,2200.0,2,143000.0,,,0,1,24
Hyundai i20 Magna 2013 (Hyundai),"रू. 17,35,000",10 Years,Chocolate,14.0,1197.0,1,44000.0,No warranty,,0,0,12
VOLKSWAGEN POLO GT TSI Autogear 2013 (Volkswagen),"रू. 24,50,000",,WHite,,1200.0,1,35000.0,,,1,0,12
Single Handed Eeco 7 Seater 2018 For Sell,"रू. 17,00,000",,Silver,12.0,1200.0,1,41000.0,,,0,0,7
Toyata Rav4 Autogear 2008 Model On Sale Urgent (Toyota),"रू. 38,00,000",,White,,2362.0,1,91000.0,,,1,1,17
Triber Renualt 2021 (Renault),"रू. 23,50,000",1.6 year,Metal Mustard,16.0,999.0,1,14000.0,Yes,,1,0,4
Fully fresh Hyundai grand i10 Magna (Hyundai),"रू. 22,25,000",,sleek silver,15.0,1197.0,1,33000.0,,,0,0,9
car on sale (Hyundai),"रू. 11,00,000",,grey,,1000.0,1,88000.0,,,0,0,17
TOYOTA AVANZA 7 Seater (Toyota),"रू. 17,50,000",,,,,1,,,,0,0,2025
Mitsubishi pajero 5 door for sale (Mitsubishi),"रू. 1,28,00,000",,,,3200.0,2,,,,1,1,9
grand vitara (Maruti Suzuki),"रू. 75,99,000",Brand new,Silver,29.87,1490.0,4,315.0,As per company rules,,0,1,2
Hyundai Creta (Hyundai),"रू. 35,85,000",,sleek sliver,,1591.0,1,57000.0,,,0,1,10
Toyota Hilux (Toyota),"रू. 78,00,000",,sliver,,2755.0,2,40000.0,,,0,1,7
Toyota Hilux (Toyota),"रू. 78,00,000",,silver,,2755.0,2,40000.0,,,0,1,7
tata winger school van (Tata),"रू. 10,00,000",,yellow,8.0,1900.0,2,82000.0,,,0,0,15
Toyota hilux (Toyota),"रू. 78,00,000",,silver,,2755.0,2,40000.0,,,0,1,7
Hyundai Creta (Hyundai),"रू. 35,90,000",,sleek silver,,1591.0,1,57000.0,,,1,0,10
Hyundai Creta (Hyundai),"रू. 35,85,000",,sleek silver,,1591.0,1,57000.0,,,0,0,10
2017 Hyundai Eon Era Plus (Hyundai),"रू. 13,50,000",,Silver,,814.0,1,33000.0,,,0,0,1818
Renault Kiger RXL MT Auto Gear (Renault),"रू. 27,85,000",,Moonlight Silver,,999.0,1,7000.0,,,1,0,4
SONET (KIA) (Kia),"रू. 32,00,000",,Intense red,,1200.0,1,11000.0,,,0,0,4
"comapany color, fully loaded, freshcreta sx plus (Hyundai)","रू. 36,50,000",home,silver,12.0,1600.0,1,39243.0,,,0,0,9
Hyundai Creta E Premium Loaded - Petrol (Hyundai),"रू. 54,56,000",,,,,1,,,,0,0,2
Loan 15 lakh - 17 lakh cash buy this auto captiva (Chevrolet),"रू. 17,00,000",,,,,2,,,,1,1,12
Grand i10 Magna 2014 (Hyundai),"रू. 18,75,000",,grey,,1197.0,1,42000.0,,,0,1,11
polo 1.6 high-Line 2016 (Volkswagen),"रू. 24,50,000",,orange,,1600.0,1,49000.0,,,0,0,9
Tata nexon xm s (Tata),"रू. 36,50,000",,White,,1200.0,1,17000.0,,,0,0,4
Hyundai getz (Hyundai),"रू. 9,25,000",,Blue,,1400.0,1,67000.0,,,0,0,17
nissan super saloon 2005 model on sale (Nissan),"रू. 11,00,000",,silver,,1600.0,1,100500.0,,,0,0,20
Excellent 9817874410 (Tata),"रू. 16,50,000",5 years,red,14.0,2956.0,2,125000.0,,,1,0,11
Single hand 2018 model Isuzu S-Cab sales & Exchang (Other Brands),"रू. 30,50,000",,,,2499.0,2,,,,0,0,7
Toyota echo (Toyota),"रू. 9,50,000",,grey,,1300.0,1,140000.0,,,0,0,22
Ecosport 2013 trend model (Ford),"रू. 17,75,000",,White,,1200.0,2,54500.0,,,0,0,12
scorpio m2 di crd (Mahindra),"रू. 11,85,000",,black,16.0,2523.0,2,,,,1,0,19
Maruti suzuki s cross (Maruti Suzuki),"रू. 25,00,000",,Gray,16.0,,2,,,,0,0,9
winger 14 seter 2018 ko fresh xa (Tata),"रू. 18,00,000",privet,silver,12.0,1900.0,2,,no,,0,0,7
Swift Zxi 2006 Single Hand (Maruti Suzuki),"रू. 13,90,000",17 years,Silver,14.0,1200.0,1,55000.0,Buy back,,0,0,19
Tata intra V20 on sale (Tata),"रू. 14,50,000",2 years,blue,12.0,1396.0,2,28000.0,,,0,0,5
Toyota Corolla lx new shape with double airbag (Toyota),"रू. 17,25,000",,Royal black,,1600.0,1,47000.0,,,0,0,18
Tata Tigor (Tata),"रू. 24,00,000",,red,,,1,,,,1,0,5
Tata Tipper (Tata),"रू. 18,00,000",3 yrs,blue,,,2,79000.0,,,1,0,8
fresh rio hatchback on sell with sunroof (Kia),"रू. 8,20,000",,orange,17.0,1400.0,1,65000.0,,,0,0,19
Mahindra bolero (Mahindra),"रू. 7,50,000",Marketing,White,,2523.0,2,,,,1,0,12
i20 active s (Hyundai),"रू. 26,50,000",,,,1200.0,1,,,,0,0,10
Hiace for sale (Toyota),"रू. 38,00,000",,White,,2800.0,2,,,,0,0,10
Family car on sale - Perodua viva (Perodua),"रू. 7,65,000",,Silver,,850.0,1,36000.0,,,0,0,17
Suzuki vittara 3 door (Maruti Suzuki),"रू. 8,75,000",,white,,1600.0,1,100000.0,No,,0,1,33
Bolero Maxx on Sell. (Mahindra),"रू. 14,00,000",,White,,,2,34000.0,,,0,0,7
well maintained fully fresh engine i20 on sale (Hyundai),"रू. 12,50,000",office,silver,16.0,1200.0,1,48000.0,no,,0,0,15
KIA Sorento (Kia),"रू. 55,00,000",,Silver,,,2,55000.0,,,1,1,16
Hyundai Creta 2017 (Hyundai),"रू. 33,90,000",,gre,,1598.0,1,41000.0,,,0,0,8
Omni cargo 2016 model (Maruti Suzuki),"रू. 5,50,000",,,,800.0,1,,,,0,1,9
Honda CR-V 2018 (Honda),"रू. 1,07,00,000",,White,,1500.0,1,8300.0,,,1,1,7
Fresh Maruti Car On Sales (Maruti Suzuki),"रू. 5,50,000",,Silky Silver,15.0,800.0,1,81155.0,,,0,0,19
wagan R 2008 vxi (Maruti Suzuki),"रू. 8,35,000",10 years,marron,16.0,1087.0,1,55000.0,,,0,0,17
Terios (Daihatsu),"रू. 15,00,000","family , office",red,10.0,1300.0,1,,,,0,0,26
Full fresh condition zyotee mini JEEP on sale (Other Brands),"रू. 9,95,000",12 years,Black,14.0,1300.0,1,48000.0,,,0,0,15
Vw poli 1.6 single hand (Volkswagen),"रू. 16,50,000",,Black,13.0,1600.0,1,47000.0,,,0,0,14
Suzuki Swift Dzire 2010 Vxi (Maruti Suzuki),"रू. 13,99,999",,White,16.0,1200.0,1,61000.0,,,1,0,15
Skoda Rapid 2021 with 15 lakh Finance (Skoda),"रू. 30,00,000",,White,,1000.0,1,21000.0,,,0,0,4
Hyundai I10 (2014 Model) (Hyundai),"रू. 17,00,000",9,maroon,16.5,1049.0,1,41848.0,,,0,0,11
2010 maruti suzuki ritz fully loaded (Maruti Suzuki),"रू. 10,99,000",all kind,silver,14.0,1200.0,1,750000.0,no,,0,0,15
Skoda Rapid 2013 (Skoda),"रू. 16,25,000",personal use,silver,22.0,,2,73000.0,yes,,0,0,12
Tata Tiago On Sale (Tata),"रू. 19,80,000",4 years,Coffee,15.0,1200.0,1,20000.0,,,0,0,6
Kia sportage lxi petrol (Kia),"रू. 48,50,000",4.5yrs,Silver,13.0,2000.0,1,52000.0,No,,0,0,7
all new Ford Fiesta titanium (Ford),"रू. 15,00,000",personal,gray,18.0,1500.0,2,96000.0,no,,0,0,12
Mahindra Bolero 2009 model for sale (Mahindra),"रू. 8,90,000",,White,,2523.0,2,,,,0,0,16
Ford Eco sport (2015) white (Ford),"रू. 21,50,000",personal,white,,1500.0,1,70000.0,,,0,0,10
407 Tata Mini Trac Sell (Tata),"रू. 9,25,000",5 years,Ghum,10.0,,2,40000.0,No,,0,0,8
2010 Model New Shape I10 Magna 1.2 On Sale (Hyundai),"रू. 14,75,000",10 Years,Grey,14.0,1200.0,1,61000.0,@,,0,0,15
Hyundai Getz 2009 Model Full Option (Hyundai),"रू. 9,20,000",,,,1350.0,1,72000.0,,,0,0,16
Excellent Condition Suzuki Eeco van 2012 on Sale (Maruti Suzuki),"रू. 12,25,000",,Grey,12.0,1200.0,1,48000.0,,,0,0,13
Excellent Condition Suzuki Swift Zxi 2008 on sale (Maruti Suzuki),"रू. 13,99,999",,Azure Grey,13.0,1300.0,1,66000.0,,,0,0,17
Hyundai i10 (Hyundai),"रू. 24,00,000",2 years,silver,2025.0,1200.0,1,26500.0,no,,0,0,5
Tata sumo ex gold (Tata),"रू. 11,75,000",SUV/Jeep,gold,,2956.0,2,93000.0,,,0,0,12
Suzuki Swift Dzire VXI 2009 (Maruti Suzuki),"रू. 11,90,000",,silver,,1200.0,1,60000.0,,,0,0,16
Very Fresh Car for Sale(2016) (Skoda),"रू. 19,75,000",6 years,White,16.0,1.4,2,60000.0,No,,0,0,9
Rav4 (Toyota),"रू. 65,00,000",4,Grey,,2500.0,1,55000.0,1,,0,0,12
Hyundai Matrix with Sunroof (Hyundai),"रू. 6,50,000",,,,,1,,,,0,0,22
Toyota avanza 2006 for sales (Toyota),"रू. 18,00,000",Prosnal,silver,11.0,1300.0,1,8500.0,No,,1,0,19
Ford Freestyle Titanium On Sale (Ford),"रू. 24,95,000",,White,,1200.0,1,28800.0,,,1,0,7
Jyoti For Sale (Other Brands),"रू. 10,50,000",Bharosa,Red,12.0,1500.0,1,76000.0,,,0,0,14
Lxi Alto (Maruti Suzuki),"रू. 13,50,000",Bharosa,White,16.0,800.0,1,56000.0,,,0,0,9
Scorpio S5+ 2020 Model (Mahindra),"रू. 42,00,000",,white,,,2,,,,0,1,5
vitara brezza zdi+ (Maruti Suzuki),"रू. 30,25,000",5,white,17.0,1250.0,2,50000.0,no,,0,0,8
Suzuki swift zxi 2014 (Maruti Suzuki),"रू. 20,00,000",,silver,14.0,1500.0,1,,,,0,0,11
Scorpio S4 Plus 2017 model (Mahindra),"रू. 36,00,000",,Blue,,,2,,,,0,1,8
Mahindra tipper (Mahindra),"रू. 18,00,000",personal construction,blue,,2609.0,2,23000.0,,,1,0,7
FORD ECO SPORTS IN IMMACULATE CONDITION (Ford),"रू. 23,50,000",4 YRS,GREY,,1500.0,1,35500.0,,,0,0,7
"Swift Dzire vxi ,2008 model, petrol,9851016822 (Maruti Suzuki)","रू. 12,50,000",,grey,,1300.0,1,66235.0,,,0,0,17
"Nios grand i10 magna,2021 model, petrol,9851016822 (Hyundai)","रू. 27,75,000",,graynite,,1200.0,1,12000.0,,,0,0,4
Singelhand 2018 breeza zdi+ with finance (Maruti Suzuki),"रू. 33,50,000",3 years,Blue white,18.0,1300.0,2,32000.0,,,0,0,7
"Grand i10 magna ,2017 model,9851016822,Finance hnx (Hyundai)","रू. 22,25,000",,red,,1200.0,1,33256.0,,,0,0,8
"full option Swift zxi ,2014 model,9851016822 (Maruti Suzuki)","रू. 20,75,000",,silver,,1200.0,1,42136.0,,,0,0,11
"Swift zxi with push button,2017 model, petrol, (Maruti Suzuki)","रू. 25,50,000",,silver,,1200.0,1,39523.0,,,0,0,8
"Eeco van 7 seater with airbag Petrol,2020 model, (Maruti Suzuki)","रू. 18,50,000",,silver,,1200.0,1,23000.0,,,0,0,5
"Hyundai Grand I10, 2018 Model, Only 17000km Silver (Hyundai)","रू. 23,50,000",private (home-office),silver,,1200.0,1,17000.0,upto 2025 March,,0,0,7
2020 Wagon r new 1200cc facelift with 75% finance (Maruti Suzuki),"रू. 21,90,000",2 years,Grey silver,18.0,1200.0,1,17300.0,,,0,0,6
Suzuki Alto Lxi 2018 Model (Maruti Suzuki),"रू. 13,99,000",,Silver,,800.0,1,42000.0,,,0,0,7
Hilux Tiger 2002 model (Toyota),"रू. 16,25,000",Official purpose,Green,10.0,3000.0,2,150000.0,,,0,1,23
Maruti Suzuki Wagon R VXI 2013 last model (Maruti Suzuki),"रू. 14,05,000",9 years,White,21.0,998.0,1,46160.0,,,0,0,12
Hyundai Verna SX 1.6 (Hyundai),"रू. 19,50,000",personal,Blue,12.0,1600.0,1,71000.0,,,0,0,13
Maruti Suzuki Ciaz ZXI | 2015 |45000km (Maruti Suzuki),"रू. 25,00,000",Personal,Silver,17.0,1400.0,1,45000.0,,,0,0,10
nexon xz+ petrol 2020 single ownership (Tata),"रू. 32,50,000",,,,,1,35000.0,,,0,0,5
Toyota Rav 4 Auto Gear 9741819070 (Toyota),"रू. 12,45,000",,white,,1997.0,1,,,,1,1,27
Tata nissan CRX (Mahindra),"रू. 7,50,000",,,,,2,,,,0,0,16
Tata zest xt 2016 model for sale (Tata),"रू. 18,50,000",,Pearl white,,1200.0,1,39000.0,,,0,0,9
"Perodua myvi 2009 model, excellent condition (Perodua)","रू. 7,70,000",,silver,12.0,1300.0,1,75000.0,,,1,0,16
2018 model Mahindra Electric car E2O plus P6 (Mahindra),"रू. 19,75,000",,silver,,,3,,,,1,0,7
Nissan Navara (Nissan),"रू. 12,00,000",,white,,,2,,,,0,1,20
2015 Model Daihatsu Terios 4 wd drive 9847699255 (Daihatsu),"रू. 44,50,000",,grey,,1500.0,1,43000.0,,,0,1,10
maruti suzuki wagner (Maruti Suzuki),"रू. 15,50,000",5,grey metalic,20.0,1000.0,1,48.0,non,,0,0,11
Tata Yodha on sale (Tata),"रू. 13,00,000",,white,,,2,46000.0,,,1,0,7
Swift zxi 2016 (Maruti Suzuki),"रू. 23,75,000",,silver,,1200.0,1,38000.0,,,0,0,9
Grand i10 Asta 2016 (Hyundai),"रू. 23,75,000",,silver,14.0,1200.0,1,52000.0,,,0,0,9
Toyota Corolla Lx Fully Loaded Double Airbags (Toyota),"रू. 17,50,000",,Royal blue,,1600.0,1,47000.0,,,0,0,18
Maruti Delivery Van (Maruti Suzuki),"रू. 5,05,000",Household use,White,15.0,800.0,1,52500.0,,,0,0,10
Maruti suzuki Celerio Vxi Auto 2014 model for sale (Maruti Suzuki),"रू. 18,00,000",,Light green,,1000.0,1,47000.0,,,1,0,11
Ford Figo Single Woner No Dent Super Fresh Car (Ford),"रू. 16,50,000",,Red,,1200.0,1,43000.0,,,0,0,8
Toyota Avanza 7 seater for sale 2013 model (Toyota),"रू. 21,50,000",,Silver,,1300.0,1,53000.0,,,0,0,12
Mahindra Bolero DC 2017 pickup for sale (Mahindra),"रू. 19,50,000",,White,,2523.0,2,38000.0,,,0,1,8
Hyundai i20 sports 2010 model for sale (Hyundai),"रू. 15,50,000",,Dark maroon,12.0,1200.0,1,73747.0,,,0,0,15
Maruti suzuki eco van for sale 2016 model (Maruti Suzuki),"रू. 14,50,000",,Silver,,1200.0,1,54590.0,,,0,0,9
Grand i 10 Astha 14 modrl (Hyundai),"रू. 19,50,000",,Gray,15.0,,1,63000.0,,,0,0,11
sentro Xing (Hyundai),"रू. 11,50,000",,white,,1086.0,1,60000.0,,,0,0,16
Ford Figo On Sale (Ford),"रू. 9,99,999",Year,Black,13.0,1199.0,1,53000.0,No,,0,0,14
suzuki brezza (Maruti Suzuki),"रू. 41,00,000",2years,red black,,1500.0,1,24500.0,,,0,0,4
4w Suv On Sale In Very Very Barand New Condition (Mahindra),"रू. 23,99,999",Few year,White,14.0,0.0,2,49000.0,No,,0,1,5
Honda civic (Honda),"रू. 15,75,000",10,Grey,10.0,1600.0,1,60000.0,No,,0,0,18
Car for sale (Hyundai),"रू. 10,00,000",personal,Blue,17.0,814.0,1,47000.0,,,0,0,13
Suzuki swift VXI (Maruti Suzuki),"रू. 14,50,000",,,,,1,,,,0,0,15
terios on sale (Daihatsu),"रू. 25,50,000",,,,1500.0,1,53000.0,,,0,1,18
Hatti gadi Mahindra maximo plus color white (Mahindra),"रू. 4,50,000",2013 Model,white,15.0,901.0,2,16057.0,,,0,0,12
Toyota aca33r 2008 For Sell (Toyota),"रू. 50,00,000",,Black,,2362.0,2,,,,0,1,17
Datsun Go Sale Second Hand (Datsun),"रू. 13,25,000",,Gray,,,1,,,,0,0,10
Hyundai I 10 asta for sale (Hyundai),"रू. 20,00,000",,grey,25.0,,1,62000.0,,,0,0,11
Eeco Van 2018 Model (Maruti Suzuki),"रू. 15,25,000",,White,,1200.0,1,63000.0,,,0,0,7
Chevrolet yuva (Chevrolet),"रू. 6,80,000",4 Years,Golden,10.0,1200.0,1,72000.0,,,0,0,17
Hyundai Creta SX (Facelift) 2019 For Sale (Hyundai),"रू. 44,50,000",4 Years,Grey,12.0,1598.0,1,37000.0,Manufacturer/ Importer,,0,0,6
Suzuki maruti 800 (Maruti Suzuki),"रू. 6,00,000",All,Nilo,18.0,800.0,1,,No,,0,0,19
Kia Soprtage GT line 2021 (Kia),"रू. 90,00,000",Single handed,White,10.0,2000.0,1,30000.0,,,1,0,4
Santro xing (Hyundai),"रू. 11,70,000",,red,,1100.0,1,,,,0,0,16
Car On Sale (Tata),"रू. 9,00,000",,White,,,1,63.0,,,0,0,10
urgent sale (Tata),"रू. 14,00,000",Personal,silver,12.0,2200.0,1,57200.0,,,0,0,15
Tata Mobile Transportation jeep (Tata),"रू. 2,50,000",,blue,,,2,,,,0,0,-35
Hyundai santro for sell (Hyundai),"रू. 11,50,000",Private,Sky blue,20.0,1200.0,1,11111.0,No,,0,0,17
Maruti Suzuki Alto for sale (Maruti Suzuki),"रू. 6,30,000",Personal use,Silver grey,18.0,800.0,1,4950.0,,,1,0,25
Toyota | Fortuner | 2010 | 4WD | SUV (Toyota),"रू. 57,50,000रू. 58,00,000",Private Use,Black,10.0,3000.0,1,105000.0,,,0,0,15
Tata nano with ac (Tata),"रू. 3,90,000",10 years,white,23.0,624.0,1,35000.0,,,0,0,13
SUPER FRESH CONDITION ZYOTEE MINI JEEP ON SALE (Other Brands),"रू. 8,75,000",12 years,White,14.0,1300.0,1,52000.0,,,0,0,16
Scoripio (Mahindra),"रू. 36,75,000",,Blue,,2200.0,2,65000.0,,,0,1,8
2009 ko kia spotes tu sell (Kia),"रू. 16,00,000",,ret,10.0,1900.0,1,76000.0,,,1,0,16
2010 ZOTYE 1.3 SINGLE HAND (Other Brands),"रू. 10,25,000",,Black,13.0,1300.0,1,55000.0,,,0,0,15
Isuzu scab 2021 exchange or sell (Other Brands),"रू. 35,50,000",,,,2500.0,2,,,,0,0,4
Mahindra maximo HD series 2020 model (Mahindra),"रू. 10,00,000",yes,sliver,,909.0,2,38000.0,,,0,0,1823
712 mina bus sale and exchange car bike bullet (Tata),"रू. 18,50,000",5,White,8.0,4000.0,2,105000.0,No,,0,0,10
50% फाईन्नस सुबिधा भएको ciaz car बिक्रीमा (Maruti Suzuki),"रू. 22,00,000",personal,white,17.0,1387.0,1,44500.0,no,,0,0,10
Hyundai Creta (Hyundai),"रू. 55,00,000",,Silver,15.0,1600.0,1,30000.0,,,0,0,7
MG Hector Shine (Other Brands),"रू. 48,00,000",,Black,,,1,7700.0,,,0,0,4
Ford ecoport Trend model (Ford),"रू. 25,00,000",,Brown,,1500.0,1,45000.0,,,0,0,9
Car for sales (Maruti Suzuki),"रू. 7,15,000",,,,800.0,1,80000.0,,,0,1,16
Honda city 2015 (Honda),"रू. 23,20,000",,silver gray,,1490.0,1,30100.0,,,0,0,10
Cevrolet Spark 2009 Model Full Loded (Chevrolet),"रू. 9,00,000",,Golden,14.0,1000.0,1,85000.0,,,1,0,16
Santro Xing For Sale (Hyundai),"रू. 9,75,000",,Husky Blue,,1100.0,1,82000.0,,,1,0,20
toyota fortuner (Toyota),"रू. 97,00,000",year,white,12.0,3000.0,2,45000.0,,,0,1,10
Full Option Santro Xing Urgent Sale (Hyundai),"रू. 8,75,000",,Grey,,1068.0,1,,,,0,0,21
Hyundai i10 sportz for sale (Hyundai),"रू. 14,50,000",private use,N3,15.0,1200.0,1,80000.0,no warenty,,1,0,16
creta sx sale.showroom condition (Hyundai),"रू. 57,00,000",1 year,melbury red,12.0,1500.0,1,14000.0,,,0,0,4
Ford Figo (Ford),"रू. 10,75,000",,Black,,1200.0,1,60000.0,,,0,0,14
2010 model (Maruti Suzuki),"रू. 7,75,000",,,,,1,,,,0,0,15
Volkswagen Polo 2018 (Volkswagen),"रू. 24,50,000",,Brown,,998.0,1,27969.0,,,0,0,7
CAR ON SALE (Maruti Suzuki),"रू. 12,50,000",office only,,,,1,,,,0,0,16
Kia Rio (Kia),"रू. 5,40,000",Good,Black,14.0,1400.0,1,60000.0,No,,1,0,21
Maruti Suzuki Swift Zxi 2014 (Maruti Suzuki),"रू. 20,25,000",,Grey,,1197.0,1,47582.0,,,0,0,11
MAHINDRA BOLERO PICKUP 4 WHEEL (Mahindra),"रू. 11,50,000",,SETO,,2500.0,1,46230.0,,,0,1,9
MARUTI SUZUKI ALTO ALTO CAR 800 (Maruti Suzuki),"रू. 6,00,000",,SILVER,,800.0,1,63586.0,,,0,0,21
HYUNDAI SANTRO XING SEMI OPTION CAR (Hyundai),"रू. 17,25,000",,SILVER,,1086.0,1,52490.0,,,0,0,11
ALTO K10 SEMI OPTION CAR (Hyundai),"रू. 5,90,000",,GRE,,1061.0,1,62570.0,,,0,0,23
Hyundai | Venue S | 2019 | CUV (Hyundai),"रू. 30,50,000रू. 30,75,000",,Red,12.0,1200.0,1,40000.0,,,0,0,6
Maruti Suzuki Swift Zxi On Sale.. (Maruti Suzuki),"रू. 18,97,000",7years,Silver,15.0,1197.0,1,74000.0,No,,0,0,11
"Creta sx (o), 2019, silver color 9863861301 (Hyundai)","रू. 51,00,000",,Silver,,1600.0,1,20000.0,,,0,0,6
Renault Duster RXZ+ 2016 (Renault),"रू. 24,75,000",Personal Used,Silver,17.0,1500.0,2,75000.0,Yes,,0,0,9
dzire vxi 2014 (Maruti Suzuki),"रू. 17,00,000",personal,white,14.0,1200.0,1,65300.0,,,1,0,11
Hyundai i10 Magna 1.2 2013 For Sale (Hyundai),"रू. 17,00,000",10 Years,Silver,13.0,1200.0,1,50000.0,Manufacturer/ Importer,,0,0,12
Tata nano car (Tata),"रू. 3,50,000",7 years,Summer blue,27.0,624.0,1,71000.0,Engine and gearbox for two years,,0,1,14
Brand new japanese vitara 4Wd😍😍😍 (Maruti Suzuki),"रू. 89,50,000",New,Premium silver,27.97,1586.0,4,1000.0,Yes,,1,1,4
maruti suzuki celerio vxi 2014 auto gear (Maruti Suzuki),"रू. 18,00,000",8 years,Sunshine ray,15.0,998.0,1,47000.0,No,,1,0,11
Tata sumo gold urgent on the (Tata),"रू. 12,00,000",,,,,2,,,,0,0,16
Tata sumo gold urgent on the (Tata),"रू. 12,00,000",,,,,2,,,,0,0,16
2019 airbag with abs breck sell (Maruti Suzuki),"रू. 27,25,000",,,,,1,,,,0,0,6
WagonR 2018 full fresh on sale (Maruti Suzuki),"रू. 18,50,000",3 yrs,Grey,17.0,1000.0,1,65000.0,,,0,0,7
i20 sportz 2013 (Hyundai),"रू. 17,50,000",,light grey,13.0,1500.0,1,45.0,,,0,0,12
Bolero Maxitruck (Mahindra),"रू. 12,00,000",Groceries wholesale,"Brown, chocolate",,2523.0,2,100000.0,,,0,0,8
SUZUKI ALTO (Maruti Suzuki),"रू. 15,75,000",4 YEARS,GREY,,800.0,1,46333.0,,,0,0,7
Enjoy the best rates.Car on sale! (Other Brands),"रू. 3,50,000",2years,Black,10.0,1600.0,1,90819.0,,,1,0,21
Hyundai I20 Active S 2018 (Full Option) (Hyundai),"रू. 30,75,000",Personal Use,Sleek Silver,15.0,1197.0,1,32000.0,,,0,0,7
Hyundai Santro full option car 2007 model for sale (Hyundai),"रू. 1,15,00,000",,Silver,,1100.0,1,73000.0,,,0,0,18
Volkswagen polo 1.6 highline 2014 for sale (Volkswagen),"रू. 21,50,000",,Red,,1600.0,1,42000.0,,,0,0,11
Honda Amaze smt 2015 model car for sale (Honda),"रू. 1,85,00,000",,Blue,,1200.0,1,45000.0,,,0,0,10
Hyundai accent (Hyundai),"रू. 7,75,000",around 2 years,silver,15.0,1500.0,1,102500.0,no,,0,0,22
Skoda rapid (Skoda),"रू. 16,50,000",,silver,,,2,,,,0,0,2012
Hyundai Creta E+ 2019 model for sale (Hyundai),"रू. 40,00,000",,Pearl white,,1600.0,1,20000.0,,,0,0,6
Toyota Corolla LX 2007 single hand (Toyota),"रू. 15,75,000",,light blue metallic,,1497.0,1,65000.0,,,0,0,18
Hyundai Tucson 2009 ko bikima akdam milauara dinxu (Hyundai),"रू. 19,99,999",,silver,12.0,1990.0,2,70000.0,,,1,1,16
ALTO 2009 for sale (Maruti Suzuki),"रू. 8,70,000",,Maroon,16.0,800.0,1,57000.0,,,0,0,16
Suzuki | Dzire VXi | 2018 | Sedan (Maruti Suzuki),"रू. 24,50,000रू. 24,75,000",Private Use,Silver,12.0,1200.0,1,44000.0,,,0,0,7
Creta 2017 On sale (Hyundai),"रू. 37,50,000",Sometime,White,20.0,1.6,1,65000.0,No,,1,1,8
Maruti Suzuki Celerio VXi (Maruti Suzuki),"रू. 15,85,000",Personal Use,Red,,,1,26000.0,,,0,0,11
Nissan Micra XV 2015 (Nissan),"रू. 14,50,000",,Blue,,1200.0,1,36000.0,,,0,0,10
Suzuki swift 2017 ZXI on sale. (Maruti Suzuki),"रू. 24,00,000",personal,Granite grey,16.0,1197.0,1,26000.0,no,,0,0,8
i20 Active S 2018 (Hyundai),"रू. 30,75,000",,marron,14.0,1200.0,1,37000.0,,,0,0,7
Nissan Terrano 2018 Brand New (Nissan),"रू. 37,50,000",,Silver,,,1,5000.0,,,0,0,7
Hyundai getz 2008model (Hyundai),"रू. 9,50,000",,sky blue,,1400.0,1,81000.0,,,0,0,17
Swift Dzire Vxi (Maruti Suzuki),"रू. 16,00,000",,Silver,18.0,1200.0,1,50000.0,,,0,0,14
i 10 sports 2010 sale 9813994422 fulopson.1.2fresh (Hyundai),"रू. 14,35,000",onhand,Light grey,18.0,1200.0,1,55700.0,yes,,0,0,15
Breeza zdi 2016 sell or exchange with pickups (Maruti Suzuki),"रू. 30,50,000",Personal use,Pearl white,16.0,1250.0,2,55000.0,no,,0,0,9
santro (Hyundai),"रू. 8,50,000",,sky blue,15.0,1200.0,1,55.0,,,0,0,21
Kia Soul EV 2017 on sale (Kia),"रू. 39,90,000",4 years,White,9.0,2109.75,3,42000.0,,,1,0,8
santro (Hyundai),"रू. 9,50,000",,red,15.0,1200.0,1,45.0,,,0,0,20
Grand I10 Nios Magna 2021 Model On Sale (Hyundai),"रू. 29,50,000",,Silver,17.0,1197.0,1,19000.0,,,0,0,4
Sell (Hyundai),"रू. 26,50,000",Office,Silver,15.0,1.0,1,38000.0,No,,0,0,9
2008 Model loadking super nissan on sale (Mahindra),"रू. 6,00,000",,Blue,,2600.0,2,,,,0,0,17
Excellent 2012 cheverolet uva 1.2 with airbags abs (Chevrolet),"रू. 10,25,000",9 years,Silver grey,14.0,1200.0,1,43000.0,,,0,0,13
tata super ace good condition n looks good (Tata),"रू. 8,00,000",normal trip n lit trip,white,15.0,1399.0,2,70000.0,no warranty,,1,0,13
Hyundai Creta (Hyundai),"रू. 56,00,000",,White,,1500.0,1,19000.0,,,0,0,4
Like brand new car on sale (Nissan),"रू. 42,60,000",1 month,Silver,20.0,1000.0,1,3000.0,No,,0,0,2
FORD FIGO TITANIUM 2013 WELL IN CONDITION FUE RUN (Ford),"रू. 12,75,000",,C-RED,,1196.0,1,21000.0,,,0,0,12
Maruti suzuki Alto Car 800 LXI 2014 model on sell. (Maruti Suzuki),"रू. 10,00,000",Self purposes,Silver,23.0,796.0,1,149000.0,,,0,0,11
Sumo 2018 (Tata),"रू. 16,00,000",private,,,3000.0,2,,,,0,0,7
KIA Sportage AWD in mint condition for urgent sale (Kia),"रू. 30,50,000",,white,14.0,1998.0,1,58010.0,,,0,1,14
i10 ERA-Urgent Sell (Hyundai),"रू. 12,50,000",13 years,Maroon,12.0,1098.0,1,65000.0,No,,0,0,16
Hyundai Tucson 2009 Model On Sell (Hyundai),"रू. 20,75,000",,,,,1,,,,1,0,16
For sale 2017 model ecosport ambient petrol (Ford),"रू. 18,50,000",,White,,1500.0,1,43000.0,,,0,0,8
Tata Truck -- White & Black color (Tata),"रू. 19,00,000",5,,,,2,100000.0,,,0,0,8
Mahindra Bolero Single Cab Pickup 1.5 TPS 2018 (Mahindra),"रू. 15,75,000",,White,,2523.0,2,29594.0,,,0,0,7
Datsun Redigo (Datsun),"रू. 13,50,000",1.5 year,silver,17.0,1000.0,1,42000.0,,,0,0,7
Suzuki | Baleno Delta | 2017 | Hatchback (Hyundai),"रू. 20,25,000रू. 20,50,000",Private Use,Grey,12.0,1200.0,1,55000.0,,,0,0,8
Suzuki | Wagon R VXi | 2021 | Hatchback (Maruti Suzuki),"रू. 23,50,000रू. 23,75,000",Private Use,Grey,14.0,1200.0,1,13000.0,,,0,0,4
HYUNDAI CRETA SX+ 2016 FULLY LOADED VEHICLE (Hyundai),"रू. 33,75,000",,Polar White,,1591.0,1,42097.0,,,0,0,9
Scorpio Pickup s10 2019 with Finance (Mahindra),"रू. 35,00,000",,silver,,,2,50000.0,,,1,1,6
Made in Japan and Malaysia assembled car on sale (Perodua),"रू. 8,75,000",13,white,18.0,1000.0,1,70000.0,,,0,0,17
Celerio VXI 2017 (Maruti Suzuki),"रू. 19,50,000",5,Grey,18.0,998.0,1,41461.0,Na,,0,0,8
Kia van (Kia),"रू. 10,00,000",delivery,black,8.0,2000.0,2,80000.0,non,,1,0,24
Kia van (Kia),"रू. 4,00,000",10,black,8.0,2000.0,2,80000.0,,,1,0,24
Suzuki Dzire Zxi + (Maruti Suzuki),"रू. 27,00,000",Hospital - Home purpose,Silver,16.0,1200.0,1,51000.0,,,0,0,8
Suzuki | Swift ZXi | 2018 | Hatchback (Maruti Suzuki),"रू. 26,00,000रू. 26,25,000",Private Use,Grey,12.0,1200.0,1,35000.0,,,0,0,7
Nissan Navara SL 2019 model with Canopy (Nissan),"रू. 60,00,000",,white,,2500.0,2,,,,0,1,6
Baleno Delta 2017 (Maruti Suzuki),"रू. 22,50,000",family,,,1200.0,1,32000.0,,,0,0,8
Toyota LX (Toyota),"रू. 17,80,000",,silver,,1497.0,1,80700.0,,,1,0,1818
Maruti Suzuki zxi (Maruti Suzuki),"रू. 19,90,000",,read,,1197.0,1,71500.0,,,1,0,12
Kia Sonet HTE (Kia),"रू. 37,90,000",,White,,1200.0,1,,,,0,1,2
Maruti Suzuki Swift Dzire Vxi - silky silver (Maruti Suzuki),"रू. 27,00,000",Tourist,Silky Silver,,1197.0,1,27000.0,,,0,0,6
Santro xing 2007 (Hyundai),"रू. 10,75,000",,Black,14.0,1086.0,1,57000.0,,,1,0,18
TATA Super Ace (Tata),"रू. 5,50,000",Flex Printing company,White,,1400.0,2,,No,,0,0,12
single hand honda city (Honda),"रू. 13,00,000",14years,golden,10.0,1599.0,1,1350000.0,,,0,0,17
Renault Kwid Automatic 2017 model (Renault),"रू. 15,50,000",,silver,15000.0,999.0,1,15000.0,,,1,0,8
i20 good condition for sell (Hyundai),"रू. 16,40,000",personal,Sliver,14.0,1200.0,1,65000.0,,,1,0,15
Jeep Compass Limited + 2020 (Jeep),"रू. 89,00,000",,Vocal White,,1956.0,2,35000.0,,,0,1,5
Renault kwid 1.0 rxt for sale (Renault),"रू. 14,99,999",6 years,gry,15.0,1000.0,1,32000.0,no,,0,0,8
bhansar ko que ko gadi urgent sale (Mahindra),"रू. 14,50,000",,red,14.0,900.0,2,81000.0,,,0,0,13
Mahendra Scorpio S5 (2.2) (Mahindra),"रू. 42,00,000",,silver,12.0,2179.0,2,58000.0,no,,0,1,7
Proton Wira Good condition car 2005 model Malaysia (Other Brands),"रू. 6,25,000",,black,,1468.0,1,6278.0,,,0,1,20
"Ford India, Eco Sport (Ford)","रू. 22,00,000",,grey,,1498.0,2,0.0,,,0,0,12
Scorpio (Mahindra),"रू. 22,00,000",Personal,White,,2179.0,2,180000.0,No,,0,0,13
New Nissan Magnite XE 2022 (BRAND NEW DEAL) (Nissan),"रू. 27,50,000",,Red,,999.0,1,10000.0,,,0,0,3
Tata Ace Hatti Gadi (Tata) (Tata) (Tata),"रू. 10,99,999",Company,blue,23.0,1200.0,2,8000.0,no,,1,0,4
Toyata (Toyota),"रू. 23,00,000",,,,,4,,,,1,1,5
maruti 2010 taxi (Maruti Suzuki),"रू. 15,00,000",,white,,800.0,1,,,,1,0,15
Toyota car (Toyota),"रू. 1,50,000",Home,White,16.0,1900.0,2,100000.0,No,,0,0,32
Tata manza car sale and exchange (Toyota),"रू. 8,50,000",Home 🏡,White,16.0,15.0,2,60000.0,No,,0,0,13
Urgent sell maruti 800 (Maruti Suzuki),"रू. 2,40,000",,,,,1,,,,0,0,26
Eon era plus 2016 (Hyundai),"रू. 14,00,000",,marron,19.0,800.0,1,42000.0,,,0,0,9
Brezza 1.5 petrol zxi+ 2021 (Maruti Suzuki),"रू. 40,75,000",,silver,16.0,1500.0,1,12000.0,,,0,0,4
Cargo Van On sale (Tata),"रू. 6,50,000",Delivery,Gray,20.0,800.0,2,70000.0,,,1,0,8
Hyundai i10 asta grand 2018 push button start (Hyundai),"रू. 25,75,000",,Silver,,1200.0,1,32000.0,,,0,0,7
Hyundai i10 grand magna 2014 48000 km (Hyundai),"रू. 18,50,000",,Gray,,1200.0,1,48000.0,,,0,0,11
Single handed Cargo van on sale (Maruti Suzuki),"रू. 7,40,000",,White,,800.0,1,17000.0,,,1,0,7
Hyundai Ix35 Crdi (Hyundai),"रू. 37,25,000",,Silk Silver,12.0,2000.0,2,36091.0,,,0,1,14
Naza Forza 2008 Model (Other Brands),"रू. 6,00,000",Home and office,Satine silver,12.0,4.0,1,,,,0,0,17
2022 Mahindra Scorpio S5 4WD for sale or exchange (Mahindra),"रू. 53,00,000",,White,,,1,7500.0,,,0,1,3
Hiace for sale 2015 model (Toyota),"रू. 39,00,000",Commercial purposes,White,12.0,2800.0,2,,,,0,0,10
Mahendra bolero pickup truck (Mahindra),"रू. 14,50,000",,gray,,2500.0,2,42000.0,,,0,1,8
"Eco cargo van 2021 model ,16800 km running ,12lac (Maruti Suzuki)","रू. 12,00,000",1 year,White,16.0,1200.0,1,16800.0,No,,1,0,4
Bolero maxitruck (Mahindra),"रू. 16,75,000",,white,,2500.0,2,56000.0,,,1,1,6
2010 Model I10 Magna 1.2 New Shape On Sale (Hyundai),"रू. 14,65,000",12 Years,Silver,20.0,1200.0,1,60000.0,A,,0,0,15
Honda City 2004 (Honda),"रू. 7,99,999",,Metallic Grey,,1498.0,1,108000.0,,,0,0,21
Hyundai grand i10 (Hyundai),"रू. 24,50,000",2 years,silver,2025.0,1200.0,1,26500.0,,,0,0,5
Well maintained car. Everything is fine. Single ha (Hyundai),"रू. 19,25,000",6 years,Navy blue,15.0,1200.0,1,60000.0,No,,0,0,10
VW Polo 2014 Highline 1200 (Renault),"रू. 19,50,000",7,Carbon Steel ( Dark Grey),12.0,1200.0,1,60000.0,,,0,0,11
Hyundai i10 magna 2014 (Hyundai),"रू. 17,50,000",,silver,,1200.0,1,93000.0,,,0,0,11
nissan xtrail 2007 model for sale or exchange (Nissan),"रू. 24,50,000",private use,cream,13.0,2200.0,2,60000.0,no warenty,,1,1,18
