name,price,mileage,engine_cc,kilometer_run,types,age
honda dio 60lot urgent sell,96000,35.0,110.0,47880.0,0.0,11.0
Ns200 urgent on sell,120000,35.0,200.0,38304.0,1.0,9.0
Honda Dio fresh condition scooter on sale,98000,45.0,106.0,65000.0,0.0,9.0
Honda Shine 125 Model 2024,235000,65.0,125.0,9250.0,1.0,1.0
Yamaha Mt 15,360000,45.0,155.0,20000.0,1.0,3.0
black classic 350 on sale or exchange,100,33.5,350.0,40000.0,1.0,7.0
045 lot tvs ntorq race XP Fi sale and EX dio,239000,45.0,125.0,11000.0,0.0,2.0
One hand cbz for sale,45000,40.0,149.0,57000.0,1.0,15.0
pulsar220 - 101 lot,160000,35.0,220.0,28728.0,1.0,7.0
pulsar150 - 035 LoT,180000,45.0,150.0,14364.0,1.0,4.0
R15 V3 Abs Fully Fresh Condition Lot-023 Super,277000,45.0,155.0,24000.0,1.0,5.0
Dorminar 400 Fi And Abs Fully Fresh Lot-023,310000,30.0,400.0,25000.0,1.0,4.0
vespa vxl 88 lot,100000,45.0,150.0,33516.0,0.0,8.0
Urgent sell   fresh condition bike fz250 2018 m...,135000,30.0,249.0,33000.0,1.0,7.0
Tvs Raider bike bikrima,150000,45.0,125.0,35000.0,1.0,4.0
Single Hand Engine Ahile Samma Sil Pack Xa,107000,40.0,110.0,22730.0,0.0,8.0
Ns 200 89 Lot Single Hand,145000,35.0,200.0,33516.0,1.0,8.0
Vespa 125cc 119 Lot Sale Or Exchange,139000,40.0,125.0,29000.0,0.0,5.0
Vespa 150cc Disk Break 117 Lot Sale Or Exchange,139000,35.0,150.0,23000.0,0.0,5.0
Yamaha Ray ZR 125 CC FI Hybrid BS6 on Sale,235000,45.0,125.0,19000.0,0.0,4.0
Honda Aviator 68 Lot Full Fresh Condition ,75000,35.0,109.0,50.0,0.0,10.0
r15m,378000,50.0,155.0,9576.0,1.0,3.0
Yamaha fz v2,228900,45.0,155.0,29.0,1.0,4.0
78 lot apache 200,110000,35.0,200.0,0.0,1.0,9.0
scooter for sale,70000,35.0,125.0,33423.0,0.0,12.0
bajaj pulsar 114 lat 150cc 1st hand 9849686911,157500,45.0,150.0,27560.0,1.0,5.0
Honda CRF 250l 2017 on sale ,1275000,30.0,250.0,28000.0,1.0,8.0
TVS Ntorq 125 ,155000,45.0,125.0,22543.0,0.0,4.0
Dio,95000,40.0,110.0,41500.0,0.0,8.0
Fresh Low Run Yamaha Mt 15,410000,45.0,150.0,13000.0,1.0,2.0
Xtreme 200 R Fresh condition like new,125000,45.0,200.0,17000.0,1.0,6.0
Plusar 150 Cc Fully Fresh Lot-010 Super Fresh,100000,45.0,150.0,27000.0,1.0,9.0
April Sr125 Cc Fully Fresh Lot-019 Super Fresh,138000,45.0,125.0,25000.0,0.0,5.0
ntroq - 041 lot ‼️,175000,45.0,125.0,9576.0,0.0,3.0
Royal Enfield 350cc,555000,30.0,350.0,17500.0,1.0,3.0
Yamaha Mt For Sale At Tinkune Kathamandu,439000,50.0,155.0,10000.0,1.0,1.0
Honda unicorn 160,110000,40.0,160.0,33516.0,1.0,8.0
Ktm Duke 200,380000,35.0,200.0,13.0,1.0,3.0
RayZr Fi yamaha 120 lot top model 9803656430,169000,50.0,125.0,19152.0,0.0,5.0
CB Shine 68Lot,94000,45.0,125.0,43092.0,1.0,10.0
R15 V2,100000,50.0,150.0,77960.0,1.0,14.0
Bullet 2016 model black color ,375000,33.5,350.0,30000.0,1.0,9.0
Urgent Sell,640,35.0,350.0,15000.0,1.0,3.0
Ns 200,149999,30.0,199.0,50000.0,1.0,8.0
Yahama RayZR Fi 125,180000,50.0,125.0,33000.0,0.0,4.0
Yamaha FZs  150 v3 abs  sale or exchange Bike fres,225000,45.0,150.0,19.0,1.0,5.0
DOMINAR400CC - 023 lot fi abs,300000,30.0,400.0,14364.0,1.0,4.0
Apache 160 4v Fully Brand New Lot-032,188000,40.0,160.0,18000.0,1.0,4.0
Plusar 150 Fully Fresh Condition Lot-40,80000,45.0,150.0,35000.0,1.0,11.0
Plusar 150 Fully Fresh Lot-010 Super Fresh,100000,45.0,150.0,27000.0,1.0,8.0
April Sr 125 Cc Fully Fresh Lot-019 Super Fresh,137000,45.0,125.0,25000.0,0.0,5.0
Hero Xr190 Fi System Lot-039 Single Hand,610000,45.0,190.0,15000.0,1.0,3.0
Honda XR 190L,620000,45.0,190.0,25000.0,1.0,6.0
Ns125 Cc Abs Fi System Fully Brand New Lot-045,170000,45.0,125.0,27000.0,1.0,3.0
Yamaha rayzr 76 lot on sale,76000,35.0,113.0,35000.0,0.0,9.0
Bike scooter rakhera loan Chaya ma samparka garnu,123456,35.0,200.0,0.0,1.0,1.0
Dio 9823696114,120000,30.0,109.0,45.0,0.0,7.0
Yamaha Ray ZR 125 Fi,210000,50.0,125.0,12000.0,0.0,4.0
Like new condition 220 Pulsar abs 131 lot ,238000,40.0,220.0,25.0,1.0,4.0
Urgent sale 🔥,168000,50.0,125.0,26.0,1.0,4.0
Royal Enfield Hunter 350 Cc,445000,30.0,350.0,6000.0,1.0,1.0
Ns 200cc Black 152 lot fully fresh 9803656430 ,140000,35.0,200.0,28728.0,1.0,7.0
Ktm duke 250 bs4 single hand bike,305000,40.0,250.0,22000.0,1.0,8.0
Honda CB shine (023)lot,180000,50.0,125.0,14364.0,1.0,4.0
UM DSR 250cc motorcycle ,120000,30.0,250.0,38304.0,1.0,9.0
Honda Dio,145000,40.0,110.0,28728.0,0.0,7.0
Pulsar 150 (004)lot,145000,40.0,150.0,28728.0,1.0,7.0
Meteor 350 ONE PIECE FOR SALE,399999,30.0,350.0,28000.0,1.0,3.0
131 lot honda shine urgent sell,177000,55.0,125.0,15000.0,1.0,4.0
apache 160 4v urgent sell  123 lot abs,165000,40.0,160.0,25000.0,1.0,4.0
Aprilia Sr 150 Race Edition,169000,30.0,150.0,24000.0,0.0,4.0
HONDA CB350RS,650000,28.0,350.0,21165.0,1.0,4.0
Fz v3 fi,210000,45.0,155.0,22000.0,1.0,5.0
bike on sale fresh bike  discover 125 cc,55000,50.0,125.0,52668.0,1.0,12.0
9849756337,510,32.0,350.0,18600.0,1.0,4.0
Crossfire GR7 300cc • Fully Loaded • Only 8 000 KM,290000,28.0,300.0,8000.0,1.0,6.0
Ns 200 73 lot,128000,35.0,200.0,38304.0,1.0,9.0
pleasure scooter,62000,35.0,110.0,4020.0,0.0,12.0
NS 200,14000000,35.0,200.0,54000.0,1.0,9.0
Bajaj Ns 160cc like new 90 lot 9803656430,110000,45.0,160.0,33516.0,1.0,8.0
pulsar 220,220000,40.0,220.0,30000.0,1.0,4.0
Reborn 350,415000,32.0,350.0,19000.0,1.0,2.0
TVS Ntorq 125,150000,45.0,125.0,23940.0,0.0,6.0
bullet 78 lot on sale or exchange,100,33.5,350.0,40000.0,1.0,9.0
bullet 105 lot on sale or exchange,100,33.5,350.0,100000.0,1.0,6.0
one hand bullet 88 lot sele or exchange,100,33.5,350.0,38000.0,1.0,8.0
Unicorn 150,50000,40.0,150.0,61000.0,1.0,17.0
JAWA CLASSIC,290000,36.0,300.0,14364.0,1.0,4.0
bullet on sale or exchange,100,33.5,350.0,48000.0,1.0,9.0
KTM duke2000 BS4 On Sale,233000,30.0,200.0,26000.0,1.0,9.0
single hand bullet 2018 on sale or exchange,100,33.5,350.0,53.0,1.0,7.0
146 lot rayzr urgent sell,229000,55.0,125.0,15000.0,0.0,2.0
Honda Dio 67 lot on sale,89000,30.0,110.0,31000.0,0.0,10.0
Yamaha MT 15,390000,48.0,155.0,23000.0,1.0,3.0
Suzuki Burgman 125cc 109 lot fully fres 9803656430,125000,35.0,125.0,23940.0,0.0,6.0
Pulsar 220f Abs 131 lot like new condtn 9803656430,240000,35.0,220.0,28000.0,1.0,4.0
Ns 200 Like new 152 lot super fresh 9803656430,140000,35.0,200.0,30000.0,1.0,7.0
FZ V3 Urgent Sale,275000,40.0,150.0,19000.0,1.0,4.0
Yamaha MT-15    Fully fresh & well maintained,315000,45.0,155.0,18300.0,1.0,6.0
Aviator,115000,40.0,110.0,33516.0,0.0,8.0
Yamaha Saluto 2017model seal engine,105000,45.0,125.0,33516.0,1.0,8.0
Ntorq 125 fi (037) lastai sasto price ma,210000,40.0,125.0,24300.0,0.0,3.0
cx250 lot 121 dirt rim super fresh condition,420000,25.0,250.0,12000.0,1.0,4.0
duke 200 on sale in good condition .fully fresh xa,291000,35.0,200.0,33516.0,1.0,8.0
Suzuki Gixxer 110 lot fresh bike   9813296721,145000,45.0,155.0,23940.0,1.0,6.0
NS 200 Fi ABS,270000,35.0,200.0,34000.0,1.0,6.0
fzv2 dubble dis,190000,45.0,150.0,37.0,1.0,6.0
Apache RTR 200 4v,190000,35.0,200.0,26000.0,1.0,5.0
very fresh bullet  sale or exchange ,100,33.5,350.0,48000.0,1.0,8.0
Discover bike for sale,33000,45.0,125.0,61000.0,1.0,19.0
Aviator scooter for sale,88000,40.0,110.0,38304.0,0.0,9.0
R15v3 2020 Last Model 9865466320,275000,45.0,155.0,100000.0,1.0,5.0
 Fresh Honda Grazia 125cc Scooty on Urgent Sale,125000,35.0,125.0,23940.0,0.0,6.0
Nk 250 single hand ,249000,30.0,250.0,30.0,1.0,6.0
Cbr 250cc sell an exchange fi abs ,219000,34.0,250.0,0.0,1.0,12.0
Rs 200cc full fresh sell an exchange ,165000,38.0,200.0,43674.0,1.0,10.0
YAMAHA RAY Z 113(FIXED PRICE WITH OFFER),107999,40.0,113.0,3500.0,0.0,6.0
Cx 250r,560000,25.0,250.0,15000.0,1.0,3.0
220 pulsar non vizer sell an exchange ,88000,35.0,220.0,35466.0,1.0,15.0
Apache 180cc sell an exchange fresh ,93000,35.0,180.0,0.0,1.0,12.0
Duke 200cc sell an exchange 71lot,219000,32.0,200.0,38564.0,1.0,10.0
Honda Dio Scooty,210000,40.0,110.0,22.0,0.0,3.0
Grazia 125 ,150000,38.0,125.0,27000.0,0.0,6.0
I Smart Splinder Super Fresh Condicion Urgent Sell,90000,45.0,125.0,23940.0,1.0,6.0
 Full Fresh Scootyy,75000,45.0,110.0,45000.0,0.0,10.0
Discover 125 St Lot 007,105000,42.0,125.0,26000.0,1.0,6.0
Tvs Ntorq race Edition (117 lot),154000,45.0,125.0,24000.0,0.0,5.0
Royal Enfield classic 350 (107),459000,33.5,350.0,14000.0,1.0,6.0
Royal Enfield On Urgent Sale,500000,33.5,350.0,18000.0,1.0,7.0
bajaj N160 for sale,240000,45.0,160.0,26000.0,1.0,2.0
Dio 2083 Kar Clar Insurance Clar Fix Price,112500,35.0,110.0,38200.0,0.0,8.0
114 lot 220 pulsar,185000,35.0,220.0,57000.0,1.0,6.0
Avenger 160 Abs street,199999,35.0,160.0,14000.0,1.0,4.0
Honda cb shine,180000,55.0,125.0,26500.0,1.0,4.0
Pulsar 150,135000,40.0,150.0,33516.0,1.0,8.0
"Bajaj Avenger 220 – Like Brand New
Only 16 000 km",130000,45.0,220.0,16000.0,1.0,11.0
Xr 190 Fi (006)lot sasto ma ayo hai,455000,40.0,190.0,28728.0,1.0,7.0
Fzs v2,140000,45.0,150.0,25000.0,1.0,9.0
HONDA DIO SCOOTER,140000,40.0,110.0,34600.0,0.0,7.0
TVS Raider 046 Lot 2023 Last Model for sale ‼️‼️,185000,50.0,125.0,18000.0,1.0,2.0
Pulsar 220,140000,40.0,220.0,46000.0,1.0,8.0
Tvs Ntorq Xp Fi on Sale,235000,45.0,125.0,15000.0,0.0,2.0
Sale bike FZS V3 gray colour ,350000,45.0,150.0,12800.0,1.0,1.0
Royal Enfield Classic 350 | Bullet 350 | 011 Lot ,475000,33.5,350.0,29000.0,1.0,6.0
Suzuki Gixxer 250,200000,40.0,250.0,39000.0,1.0,6.0
Bajaj Pulsar 150 06 Lot 23000 KM only,220000,35.0,150.0,23000.0,1.0,6.0
145 Lot Yamaha Z.R Hybrid Scooter Sell Ma Xa,230000,55.0,125.0,11300.0,1.0,2.0
Honda nx200,420000,45.0,200.0,20000.0,1.0,2.0
Honda dio sale. Or exchange   Ramro  condition ma ,85000,40.0,110.0,44.0,0.0,12.0
Honda aviator 1st hand 65 lat 9849686911,87500,45.0,110.0,23560.0,1.0,10.0
Fresh NS 200 FI ABS on sale,195000,35.0,200.0,39000.0,1.0,5.0
Nk 250,247000,30.0,250.0,40340.0,1.0,6.0
Pulsar Abs  n150,320,60.0,150.0,3600.0,1.0,1.0
Fzs V2,240000,45.0,149.0,9576.0,1.0,3.0
TVs Ntroq With Disk On Urgent Sale,137000,35.0,125.0,22000.0,0.0,6.0
Single Hand Bajaj Pulsar 150 On Urgent Sale,112000,45.0,150.0,32000.0,1.0,8.0
pulsar 220f 131 lot,248000,35.0,220.0,14364.0,1.0,4.0
Bajaj 220F pulsar Abs Single Hand 2022 model 038,260000,35.0,220.0,16500.0,1.0,3.0
Single Hand Used Vespa,148000,35.0,125.0,30000.0,0.0,4.0
Honda hornet 160r,159999,45.0,160.0,34000.0,1.0,7.0
Fz v3 bs6 ,235000,48.0,150.0,24000.0,1.0,4.0
BMW GS 310 on urgent sale,730000,30.0,310.0,31500.0,1.0,6.0
tvs jupiter for sale,65000,45.0,125.0,33516.0,0.0,8.0
yamaha fz 25 for sale,157000,30.0,250.0,40000.0,1.0,6.0
motor bike,30000,45.0,125.0,61000.0,1.0,17.0
Suzuki Gixer for sale,115000,55.0,153.0,35000.0,1.0,9.0
showroom condition bullet 2021 on sale,530000,33.5,350.0,21000.0,1.0,4.0
Crossfire Hj 250 2020 Last Model,420000,25.0,250.0,7100.0,1.0,5.0
Royal Classic 350  sale or exchange  Shwroom condi,550000,33.5,350.0,26.0,1.0,4.0
Pulsar 220f super fresh condition,140000,35.0,220.0,36000.0,1.0,8.0
Fzs v2,180000,45.0,150.0,28728.0,1.0,7.0
Benelli 250i,210000,40.0,250.0,28728.0,1.0,7.0
tvs,199000,55.0,125.0,5300.0,1.0,1.0
Aprilia sr150 (036)lot,205000,35.0,150.0,15000.0,0.0,3.0
Dio 125 Sell,245000,50.0,125.0,8000.0,0.0,1.0
Honda,55000,40.0,125.0,61000.0,1.0,15.0
Ns 200 ( 2018 Model ),150000,35.0,200.0,49000.0,1.0,7.0
Yamaha Ray Z R street rally,180000,45.0,125.0,29000.0,0.0,5.0
Fz 250 Fi Abs,214000,40.0,250.0,24000.0,1.0,6.0
Honda Shine,120000,45.0,125.0,31000.0,1.0,8.0
vespa vxl,130000,45.0,125.0,11025.0,0.0,7.0
Bajaj pulsar 150 (2021),150000,40.0,150.0,50286.0,1.0,4.0
XR 190 on sale...,599999,38.0,190.0,15000.0,1.0,3.0
Bike for sale!!!! Pulsar 150 single disc hurry !!,100000,40.0,150.0,50000.0,1.0,12.0
Duke 390,650000,25.0,390.0,18000.0,1.0,4.0
Honda nx 200 153 lot sale,398000,45.0,200.0,5000.0,1.0,1.0
2019 year model ..Dominar400 For Sell,400000,28.0,400.0,32000.0,1.0,6.0
Crossfire tracker 250 (032)lot super fresh bike,160000,32.0,250.0,23000.0,1.0,4.0
Xr190 sasto price ma single use,450000,45.0,190.0,28000.0,1.0,7.0
Ktm Duke 200 154 Lot Sale Or Exchange,498000,40.0,200.0,11000.0,1.0,1.0
Bajaj Ns 125 141 Lot Sale Or Ex,169000,45.0,125.0,23000.0,1.0,4.0
Yahama R15 79 Lot Sale Or Exchange,129000,45.0,150.0,22000.0,1.0,9.0
Bajaj Pulsar 150cc 91 Lot Sale Or Ex,129000,45.0,150.0,33000.0,1.0,7.0
Honda Avator 87 Lot Sale Or Exchange,135000,45.0,110.0,33000.0,0.0,8.0
Hero Xpulse 200 2V,215000,37.0,199.0,39000.0,1.0,4.0
Yahama Rayz Disk Break Fi 133 Lot Sale Or Ex,189000,50.0,125.0,16000.0,0.0,4.0
Yahama Fzs 120 Abs V3 120 Lot Sale Or Exchange,229000,50.0,150.0,23000.0,1.0,5.0
Tvs Styker 125cc 145 Lot Sale Or Ex,139000,50.0,125.0,13000.0,1.0,2.0
unicorn,90000,35.0,149.0,50000.0,1.0,15.0
Nk 250 Cc Fi Abs 2018 Model 9823657076,173000,30.0,250.0,28728.0,0.0,7.0
Pulsar 220  Blue Color  95 Lot,160000,35.0,220.0,29000.0,1.0,8.0
Honda UNicorn 160 bs4 for sale 41k KM run. ,140000,40.0,160.0,41000.0,1.0,8.0
Honda dio on sell 2022 model 037 lot ,170000,45.0,109.0,24000.0,0.0,3.0
Honda aviator 93 lot sale,112000,35.0,110.0,29000.0,0.0,8.0
Honda aviator 69 lot sale,85000,35.0,110.0,35000.0,0.0,10.0
avaitor 62 lot sale,75000,35.0,110.0,49000.0,0.0,14.0
Honda aviator 63 lot sale,77000,35.0,110.0,48000.0,0.0,15.0
Honda aviator 49 lot sale,65000,35.0,110.0,59000.0,0.0,16.0
Honda aviator 110 lot on sale,132000,35.0,110.0,27000.0,0.0,6.0
Honda aviator 75 lot on sale,90000,35.0,110.0,38000.0,0.0,9.0
Honda sp shine 79 lot sale,105000,40.0,125.0,39000.0,1.0,9.0
Honda shine 162 lot (2018) on sale,128000,40.0,125.0,30000.0,1.0,7.0
Honda shine 137 lot sale,188000,40.0,125.0,18000.0,1.0,3.0
ZR lot 042,140000,35.0,113.0,19152.0,1.0,5.0
fi Abs Ns200,215000,35.0,200.0,14364.0,1.0,4.0
Pulsar 220 Abs  lot 025,235000,35.0,220.0,14364.0,1.0,4.0
Grazia 125 lot 013,160000,45.0,125.0,23940.0,0.0,6.0
Bajaj Pulsar 150cc TD 101 Lot Sal Or Ex,135000,40.0,150.0,29000.0,1.0,6.0
Pulsar 125 lot 016,140000,45.0,125.0,19152.0,1.0,5.0
Honda Grazaia 125cc Disk Break 115 Lot Sale Or Exc,169000,45.0,125.0,23000.0,0.0,5.0
Tvs Nrorque Drum 147 Lot Sale Or Exchange,179000,45.0,125.0,21000.0,0.0,2.0
classic hartford on sale!!!🔥🔥,150000,45.0,150.0,61000.0,1.0,22.0
88 lot vespa on urgent sale!!,130000,45.0,125.0,33516.0,0.0,8.0
rayzr fi 125cc on sell,169000,50.0,125.0,14364.0,0.0,4.0
dio 130 lot urgent sell,175000,40.0,110.0,17000.0,0.0,4.0
tvs ntorq on sell,165000,35.0,125.0,9576.0,0.0,3.0
honda xr190L 039lot urgent on sell,610000,35.0,190.0,9576.0,1.0,3.0
136 lot pulsar 150 urgent sell,189999,45.0,150.0,9576.0,1.0,3.0
141 lot fzs v2 dual disk on sel,260000,40.0,150.0,20000.0,1.0,3.0
Dominar 250 red colour on urgent sell. Good condit,320000,30.0,250.0,9576.0,1.0,3.0
Ntorq 125cc Fi 133 Lot Super Fresh Condition Onsel,198000,45.0,125.0,22000.0,0.0,4.0
Royal Enfiled Hunter 145 Lots Sale/Xchange,399900,35.0,350.0,15000.0,1.0,2.0
105 lot Honda shine urgent sell,147000,55.0,125.0,29000.0,1.0,6.0
131 lot fzs v3 urgent sell,239999,45.0,150.0,14364.0,1.0,4.0
Italica Formula 150 2022 last model,170000,45.0,150.0,9500.0,1.0,3.0
pulsar 220  2021 model ko 137 lot ko fresh bike ..,270,40.0,220.0,18000.0,1.0,4.0
Mt15 Like New 143 Lot,395000,55.0,155.0,4788.0,1.0,2.0
hero glamour 2021model,129000,55.0,125.0,38000.0,1.0,4.0
yamaha fz v2 bs6,235000,50.0,150.0,25000.0,1.0,3.0
Vespa 150Cc SXL 79 Lots Sale/Xchange,105900,30.0,150.0,29000.0,0.0,9.0
Aprilia SR 125 (120 lot),134000,45.0,125.0,13000.0,0.0,5.0
Bajaj Discover 125Cc 54 Lots Sale/Xchange,50900,45.0,125.0,45000.0,1.0,13.0
Apache RTR 180CC at unbeatable price is on sale ,130000,40.0,180.0,23500.0,1.0,8.0
Xpulse super fresh  2020 model,205000,35.0,200.0,30.0,1.0,6.0
Pulsar 150 single hand ,195000,50.0,150.0,18.0,1.0,2.0
Tvs Raider 125 On Sale URGENT,179999,65.0,125.0,19000.0,1.0,3.0
Hero Honda splensor sale or exchange  Ramro condit,35000,35.0,100.0,50.0,1.0,22.0
Motor bike,120000,30.0,150.0,75000.0,1.0,9.0
R3 on sell,600000,25.0,320.0,46000.0,1.0,6.0
fz v3 2021 model single handed.. 33000km running,230000,45.0,150.0,33000.0,1.0,4.0
Bajaj pulsar 220 sell or exchange ,122000,38.0,220.0,42508.0,1.0,9.0
Pulsar 220,145000,40.0,220.0,30.0,1.0,8.0
Honda Dio,115000,40.0,110.0,27000.0,0.0,9.0
Aprilla Sr125 Like New 126 Lot,165000,45.0,125.0,14364.0,0.0,4.0
Mt15 Like New 147 Lot,415000,55.0,155.0,4788.0,1.0,2.0
Duke200 Bs4 Like New 91 Lot,285000,40.0,200.0,33516.0,1.0,8.0
Ns 200 (023)lot abs,210000,35.0,200.0,22000.0,1.0,4.0
Mt 15 bs4 sasto price ma,270000,45.0,155.0,23940.0,1.0,6.0
Ntorq 125 (030)lot like new only 12k running,175000,35.0,125.0,12000.0,0.0,4.0
Honda Dio,130000,40.0,110.0,19000.0,0.0,8.0
Ns 200 bs4,145000,35.0,200.0,33516.0,1.0,8.0
yamaha street rally 125fi hybrid scooter for sale,240,48.0,125.0,31536.0,0.0,2.0
BMW Onsale,795000,25.0,310.0,22000.0,1.0,4.0
Ntorq 125cc 156 Lot Super Fresh Condition Onsell,173,45.0,125.0,9576.0,0.0,3.0
Hero pleasure 45 lot on sale,45000,35.0,100.0,35000.0,0.0,16.0
Hero pleasure 40 lot on sale,43000,35.0,100.0,35000.0,0.0,17.0
Sasto ma hero pleasure 22 lot on sale,32000,35.0,100.0,35000.0,0.0,20.0
dominar 400 on sale!!!🔥🔥,205000,30.0,400.0,39000.0,1.0,8.0
Hero Splendor 64 lot,80000,45.0,125.0,38304.0,1.0,9.0
dio on sale urgent,40000,30.0,110.0,57456.0,0.0,13.0
Bajaj pulsar 150 TD,140000,40.0,149.0,34.0,1.0,7.0
150 pulsar 118 lot urgent sell,162000,45.0,150.0,25000.0,1.0,5.0
suzuki gixer lot 110 super fresh condition,145000,45.0,150.0,28000.0,1.0,6.0
pulsar 125cc 151 lot,185000,55.0,125.0,12000.0,1.0,2.0
CB Unicorn 150cc  42 Lot  single handed ,60000,50.0,150.0,62000.0,1.0,15.0
tvs raider 152,250000,55.0,125.0,26000.0,1.0,1.0
Yamaha FZS V2 (2019) | 23 000 km plus run,250000,45.0,149.0,23000.0,1.0,6.0
CB Hness,800000,30.0,350.0,17000.0,1.0,3.0
Ns 160 argent sell 2022 model,165000,45.0,160.0,29000.0,1.0,3.0
Ray Zr 125 cc Fi 9k km running ,215000,60.0,125.0,9000.0,0.0,3.0
pulsar 150 lot 83 super fresh condition,123000,45.0,150.0,27000.0,1.0,8.0
Dominar 400cc lot 123 super fresh condition,305000,30.0,400.0,18000.0,1.0,4.0
Ntroq fi lot 133 super fresh condition,195000,40.0,125.0,20000.0,0.0,4.0
Aprilla sr 150cc lot 117 super fresh condition,145000,35.0,150.0,20000.0,0.0,5.0
Aprilla sr 125cc lot 119 super fresh condition,143000,35.0,125.0,25000.0,0.0,5.0
Aprilla sr 150cc lot 125,155000,35.0,150.0,20000.0,0.0,4.0
Hero Glamour,55000,55.0,125.0,35000.0,1.0,10.0
Bajaj Pulsar 220f abs (121 lot),209000,35.0,220.0,18000.0,1.0,5.0
143 lot  TVS NTORQ scooter on sell,230000,55.0,125.0,13000.0,0.0,2.0
Dio for sale,135000,35.0,113.0,39900.0,0.0,7.0
Honda Hornet 2016 model,115000,40.0,160.0,80000.0,1.0,9.0
Ns 200 Fi & Abs (Top New Model ),259999,40.0,200.0,9576.0,1.0,3.0
Royal Enfield Classic 350 Bullet Bike,340000,30.0,350.0,33000.0,1.0,8.0
Ns 200 fi abs,235000,35.0,200.0,28000.0,1.0,6.0
Ns200,235000,35.0,200.0,28000.0,1.0,6.0
HERO DESTINI 118 LOT ✅ 9813296721,95000,45.0,125.0,19152.0,0.0,5.0
NTORQ 125cc RACE EDITION 120 LOT ✅ 9813296721,165000,45.0,125.0,19152.0,0.0,5.0
Ktm duke 390 ,500000,25.0,390.0,48000.0,1.0,8.0
honda hornet (86) lot,130000,50.0,160.0,33516.0,1.0,8.0
Xpluse 200 bike,230000,45.0,200.0,30000.0,1.0,5.0
aprilla storm 125 with sr 150 stickers,145000,35.0,125.0,26000.0,0.0,6.0
Duke 200 on sale,449000,35.0,200.0,2000.0,1.0,2.0
urgent sell  personal bike contact: 9705413810,299000,45.0,155.0,32000.0,1.0,3.0
on sell,100000,35.0,220.0,47880.0,1.0,11.0
Honda dio sale in Kathmandu Nepal,170000,40.0,125.0,43000.0,0.0,7.0
Pulsar 220,115000,35.0,220.0,38304.0,1.0,9.0
R15v3 Bs6 On Sale And Exchange,315000,50.0,155.0,25000.0,1.0,4.0
Honda Aviator 67 Lots Sale/Xchange,87900,40.0,110.0,67000.0,0.0,10.0
Bajaj Pulsar N150 2024,320000,45.0,150.0,6500.0,1.0,1.0
FZ V2 80 LOT SUPER FRESH  9813296721,135000,45.0,150.0,38304.0,1.0,9.0
HERO GLAMOUR 108 LOT BIKE   9813296721,88000,45.0,125.0,28728.0,1.0,7.0
DUKE 200 BS4 89 LOT SUPER FRESH   9813296721,255000,35.0,200.0,33516.0,1.0,8.0
AVIATOR 93 LOT SUPER FRESH   9813296721,125000,40.0,110.0,33516.0,0.0,8.0
JUPITER 94 LOT SCOOTER  9813296721,85000,45.0,125.0,28728.0,0.0,7.0
JAWA 300cc 118 LOT BIKE   9813296721,285000,30.0,300.0,19152.0,1.0,5.0
PULSAR 150 65 LOT BIKE   9813296721,95000,45.0,150.0,43092.0,1.0,10.0
APACHE RTR 160 4V ABS 132 LOT   9813296721,185000,40.0,160.0,14364.0,1.0,4.0
DISCOVER 125ST 64 LOT BIKE   9813296721,74000,45.0,125.0,47880.0,1.0,11.0
FZ V1 51 LOT BIKE   9813296721,85000,45.0,150.0,57456.0,1.0,13.0
CLASSIC 350 011 LOT FRESH BIKE ✅ 9813296721,455000,33.5,350.0,23940.0,1.0,6.0
APRILLIA SR 150CC 117 LOT ✅ 9813296721,145000,45.0,150.0,19152.0,0.0,5.0
R15 M 142 LOT SUPER FRESH CONDITION ✅ 9813296721,395000,45.0,155.0,9576.0,1.0,3.0
Dominar 250 FI ABS 2021 model 125 lot ON SALE,319000,30.0,250.0,14000.0,1.0,4.0
Hunter On Sell,410000,36.0,350.0,6000.0,1.0,1.0
125 Honda CB Shine 2018 model 95 lot sell Exchange,129000,50.0,125.0,29000.0,1.0,7.0
125 Hero Destini Single Hand 2020 model 017 lot ,99000,40.0,125.0,18000.0,0.0,5.0
"Honda Shine 109 Lot
2019 Model
9841605313",145000,50.0,125.0,22000.0,1.0,6.0
Pulsar 150 sigal disc 83-lat 9803656430,119000,45.0,150.0,38304.0,1.0,9.0
"Ntorq 132 Lot
2021 Last Model
9841605313",190000,45.0,125.0,14364.0,0.0,4.0
Suzuki Burgman 125cc 109 lot 9803656430,128000,40.0,125.0,23940.0,0.0,6.0
220 pulsar Abs like new 124 lot 9803656430,219000,35.0,220.0,28000.0,1.0,4.0
2023 MT15 on sale,360000,45.0,155.0,25000.0,1.0,2.0
Scooter on sell,160000,55.0,125.0,35000.0,0.0,5.0
TVS Ntorg Drum 125 153lot Blue,190000,45.0,125.0,9000.0,0.0,1.0
Tvs,175000,45.0,160.0,18000.0,1.0,5.0
Aprila 150cc 124 lod ,160,20.0,150.0,14364.0,0.0,4.0
Ray zr 125,195,65.0,125.0,15000.0,0.0,3.0
Aprilia sr 150cc 117 lot,148000,45.0,150.0,19152.0,0.0,5.0
Apache rtr 160 4v,80000,25.0,160.0,50000.0,1.0,9.0
Crossfire for rent(9840302214),4000,30.0,250.0,38304.0,1.0,9.0
Pulsar 200 NS(2014 model). In excellent condition.,150000,35.0,200.0,70000.0,1.0,11.0
Yamaha fz v2 double disk,260000,50.0,150.0,16500.0,1.0,3.0
X-pulse-200,195000,30.0,200.0,31000.0,1.0,4.0
Bullet 350 Classic 2021 Model,514999,35.0,350.0,25000.0,1.0,4.0
Honda Grizea Bs6 With Disc For Sale,245000,55.0,125.0,16000.0,0.0,1.0
URGENT FOR SALE BAJAJ,163000,45.0,150.0,14000.0,1.0,4.0
Yamaha SZ-RR (Exchange with scooter),115000,45.0,150.0,23940.0,1.0,6.0
0034 Lot ko pulsar 150 Sd On sale n Exchange Serv,195000,40.0,150.0,15000.0,1.0,4.0
Like fresh condition ,155,40.0,149.0,22000.0,1.0,6.0
TVS Raider 048 lot,190000,45.0,125.0,28000.0,1.0,4.0
RTR 200 4v with ABS on sale,140000,38.0,200.0,35000.0,1.0,8.0
Ntorq 125 on sale,165,35.0,125.0,28760.0,1.0,5.0
pulsar 150 td lot 119,155000,45.0,150.0,25000.0,1.0,6.0
Tvs ntroq lot 123 super fresh condition,145000,35.0,125.0,20000.0,0.0,4.0
Dominar 400cc lot 123 super fresh condition,315000,30.0,400.0,19000.0,1.0,4.0
Tvs ntroq fi lot 133 super fresh condition,195000,45.0,125.0,20000.0,0.0,4.0
Yamaha Enticer Classic Cruiser Bike,65000,45.0,125.0,89000.0,1.0,21.0
R15 91 lot on sale 89841573829,135000,45.0,150.0,35000.0,1.0,7.0
Splendor Pro 56lot,40000,48.0,97.0,54000.0,1.0,13.0
Urgent Sale Gixxer 96 Lot Sf Very Low Rate Ma,128000,45.0,150.0,38304.0,1.0,9.0
Aprilla SR 150 013 Lot For sale ‼️‼️,149000,30.0,150.0,24000.0,1.0,6.0
bike on sale,60000,45.0,99.0,38000.0,1.0,12.0
unique bike on sale🔥🔥🔥,95000,40.0,150.0,33516.0,1.0,8.0
bike on sale @211000,215000,40.0,160.0,20000.0,1.0,4.0
200Ns FI on sale,185000,39.0,200.0,44000.0,1.0,5.0
PULSAR 150 83 LOT FRESH BIKE ✅ 9813296721,125000,45.0,150.0,33516.0,1.0,8.0
bike on sale @60000,60000,50.0,100.0,38000.0,1.0,12.0
PULSAR 150TD SINGLE HAND 119 LOT ✅ 9813296721,155000,45.0,150.0,19152.0,1.0,5.0
FASCINO 75 LOT ✅ 9813296721,74000,40.0,110.0,38304.0,0.0,9.0
Ns 200 on sale fresh xa kai banaunu parni xaina ,140000,29.0,200.0,56000.0,1.0,8.0
TVS Zest scooty second hand,60000,40.0,110.0,40700.0,0.0,10.0
Fzv2 002lot 2018 model 9860797831,174000,45.0,150.0,35.0,1.0,7.0
kohi chadne ho yo ?????????,565000,30.0,250.0,0.0,1.0,14.0
 Honda Dio (142 lot),186000,40.0,110.0,9000.0,0.0,3.0
Hero xpulse-200,200000,30.0,200.0,31000.0,1.0,4.0
hero xpluse,200000,35.0,200.0,24000.0,1.0,4.0
Hero Xpulse 4v,345000,35.0,200.0,17000.0,1.0,3.0
Apache RTR 200 4V,130000,35.0,200.0,48000.0,1.0,8.0
Aprilla Sr 150 Cc 117 Lot 2020 Model Price 147k,147000,45.0,150.0,19152.0,0.0,5.0
Pulsar Ns200 Fi Abs Bs7 New,375000,45.0,200.0,5328.0,1.0,1.0
Fzsv2 Emergency Sale,235000,45.0,149.0,30000.0,1.0,4.0
Pulsar AS 150 for sale,85000,45.0,150.0,30603.0,1.0,10.0
Dio,99999,40.0,110.0,46.0,0.0,9.0
R15 V3 ABS 123 LOT SUPER FRESH ☎️ 9813296721,285000,45.0,155.0,19152.0,1.0,5.0
Honda Unicorn 160cc fully fresh 82 lot 9803656430,110000,45.0,160.0,30000.0,1.0,8.0
90 lot 150 pulsar,125000,45.0,150.0,56000.0,1.0,8.0
102 lot Royal Enfield Thunderbird X 350,345000,30.0,350.0,23950.0,1.0,7.0
Ktm Rc 390,220000,22.0,390.0,48000.0,1.0,9.0
Royal Enfield Classic 350 Bullet 2015 last Model,350000,35.0,350.0,28000.0,1.0,10.0
R15 V3 023 Lot 2020 Model Price Only 285k,285000,45.0,155.0,19000.0,1.0,5.0
Rm 250,430000,22.0,250.0,11000.0,1.0,7.0
Single Hand Used Bike On Urgent Sale,197000,30.0,230.0,12000.0,1.0,7.0
Apache RTR 200   Lot 037,265000,35.0,200.0,9576.0,1.0,3.0
Pulsar150 Like New 120 Lot,155000,45.0,150.0,19152.0,1.0,5.0
NTORQ 125CC RACE EDITION 120 LOT ✅ 9813296721,165000,45.0,125.0,19152.0,0.0,5.0
FASCINO FI 125cc 118 LOT ✅ 9813296721,135000,45.0,125.0,19152.0,0.0,5.0
APRILLIA SR 150cc abs 118 LOT ✅ 9813296721,145000,45.0,150.0,19152.0,0.0,5.0
APRILLIA SR 150cc 105 LOT ✅ 9813296721,135000,45.0,150.0,23940.0,0.0,6.0
Duke 200  155 lot  3K Km run  Urgent sell,535000,35.0,200.0,3150.0,1.0,1.0
KTM Duke 200  Only 3250KM RUNNING 2024 Model,525000,35.0,200.0,3100.0,1.0,1.0
Honda Activa 125,100000,35.0,125.0,26000.0,0.0,10.0
Pulser NS 160 ABS  Red,195000,40.0,160.0,23940.0,1.0,6.0
fzs v2 urgent sell 141 lot,264000,55.0,150.0,9576.0,1.0,3.0
super splender bike,139000,51.0,125.0,30000.0,1.0,4.0
crossfire Hj250 dark edition on sale,396000,25.0,250.0,16000.0,1.0,4.0
Bajaj Domin250 - 2021 model sealed pack engine,285000,35.0,250.0,40000.0,1.0,4.0
yahama fzs v3,260000,50.0,149.0,19000.0,1.0,3.0
Avenger 150 (can exchange with fresh scooter),150000,45.0,150.0,16000.0,1.0,8.0
fresh condition 76 lot honda dio on sale,108000,40.0,110.0,38304.0,0.0,9.0
super fresh 96 lot suzuki gizzer SF on sale,117000,45.0,155.0,33516.0,1.0,8.0
DIRT BIKE / GR7 on SALE,245000,25.0,250.0,12000.0,1.0,6.0
TVS Ntorq scooty . 2022 model,175000,40.0,125.0,39500.0,0.0,4.0
Bajaj Pulsar 220f (62 lot),106000,35.0,220.0,47880.0,1.0,11.0
pulsar 220f 87 lot on sell ‼️💥,145000,35.0,220.0,33516.0,1.0,8.0
Urgent sale 220.. ,126000,35.0,220.0,43092.0,1.0,10.0
Unicorn ,56000,45.0,150.0,61000.0,1.0,15.0
Ns 200 Abs 021 Lot,192000,30.0,200.0,35000.0,1.0,5.0
Honda Cb Unicorn 160cc 82 Lot,100000,45.0,160.0,30000.0,1.0,8.0
Pleasure 63 Lot 2015 Model,62000,40.0,110.0,40000.0,0.0,10.0
Honda Aviator 73 Lot,94000,43.0,110.0,3400.0,0.0,9.0
Yamaha Bike R1 V1,90000,45.0,150.0,33516.0,1.0,8.0
Bajaj Pulsar 220f (74 lot),124000,35.0,220.0,38304.0,1.0,9.0
Bajaj avenger 180 (105 lot),148000,38.0,180.0,16000.0,1.0,6.0
Mt15 Bs6,380000,45.0,155.0,31000.0,1.0,3.0
Mt15 Bs6,380000,45.0,155.0,31000.0,1.0,3.0
Honda NX200,450000,35.0,200.0,4280.0,1.0,1.0
Cbr 250r for sale,200000,30.0,250.0,21930.0,1.0,12.0
Bullet 500cc,299999,25.0,500.0,30000.0,1.0,9.0
AVIATOR 73 LOT   9813296721,95000,40.0,110.0,38304.0,0.0,9.0
PLEASURE 110cc 63 LOT   9813296721,65000,40.0,110.0,47880.0,0.0,11.0
UNICORN CB 160 82 LOT SINGLE HAND   9813296721,105000,40.0,160.0,38304.0,1.0,9.0
NS 200 ABS 121 LOT   9813296721,195000,35.0,200.0,19152.0,1.0,5.0
Dio Scooter Urgent Sale,185000,40.0,110.0,19123.0,0.0,4.0
Need  Duke250,300000,30.0,250.0,19152.0,1.0,5.0
Pulsar 150 Single Disk Is For Sale,107000,35.0,150.0,25000.0,1.0,8.0
BIKE FOR SALE - HONDA TWISTER,85000,35.0,110.0,20000.0,1.0,10.0
honda Dio 144 lot fresh ,200000,36.0,109.0,10877.0,0.0,2.0
OLD MODEL HONDA DIO(FIXED PRICE WITH OFFER),59999,40.0,109.0,36098.0,0.0,14.0
CRF 250,1500000,35.0,250.0,24000.0,1.0,6.0
Aprilia Sr 150,210000,25.0,150.0,13000.0,0.0,2.0
Honda CBR 250R on Sell,245000,30.0,249.0,47.0,1.0,9.0
Pulsar 150 Bike for sell,110000,40.0,149.0,60000.0,1.0,9.0
Bajaj N200 fi abs,225000,35.0,200.0,26000.0,1.0,4.0
URGENT FOR SALE TARO 200,235000,35.0,200.0,3800.0,1.0,3.0
Fz v2 80Lot super fresh condition 9813296721,133000,45.0,150.0,38304.0,0.0,9.0
Hero glamour 107Lot bike 9813296721,85000,45.0,125.0,28728.0,1.0,7.0
Honda activa 88Lot fresh condition 9813296721,85000,45.0,125.0,33516.0,0.0,8.0
Fz v3 abs 133Lot single hand bike 9813296721,235000,45.0,150.0,14364.0,1.0,4.0
Duke 200 bs4 89Lot bike ✅ 9813296721,255000,35.0,200.0,33516.0,1.0,8.0
Avenger 160 Bajaj,152000,42.0,160.0,60200.0,1.0,5.0
Bike On Sell,415000,30.0,350.0,25000.0,1.0,2.0
Tvs Raedon On Sale,114999,55.0,110.0,15000.0,1.0,4.0
Cx 250 (2023 Model) On sale,580000,30.0,250.0,4788.0,1.0,2.0
Dominar 250 Full Fresh Condition,350000,30.0,250.0,17500.0,1.0,2.0
Fz-v3 ekdam perfect condition mha xw yamhha ,205000,45.0,150.0,60000.0,1.0,6.0
Honda dio 50 lot on sale,53000,30.0,109.0,49000.0,0.0,15.0
Ntorq125 Fi 2021 Model Super Fresh Condition Onsel,198000,45.0,125.0,22000.0,0.0,4.0
Ntorq 125 Fi 2021 Last Model 133 Lot Onsell,198,45.0,125.0,22000.0,0.0,4.0
honda grazia 125cc 121Lot scooter ✅ 9813296721,165000,45.0,125.0,19152.0,0.0,5.0
Aprillia sr 150 117Lot scooter ✅ 9813296721,155000,45.0,150.0,19152.0,0.0,5.0
Honda Dio 50Lot old model ✅ 9813296721,52000,40.0,110.0,57456.0,0.0,13.0
Apache rtr 160 99Lot bike ✅ 9813296721,135000,40.0,160.0,28728.0,1.0,7.0
Fascino 125cc fi 115Lot scooter ✅ 9813296721,125000,45.0,125.0,19152.0,0.0,5.0
Ntorq 125cc 130Lot scooter ✅ 9813296721,155000,45.0,125.0,14364.0,0.0,4.0
Fascino 77Lot scooter ✅ 9813296721,75000,40.0,110.0,38304.0,0.0,9.0
Ray Zr 76Lot scooter ✅ 9813296721,85000,35.0,113.0,38304.0,0.0,9.0
aprillia sr 150cc 88Lot scooter ✅ 9813296721,115000,45.0,150.0,33516.0,0.0,8.0
Pulsar 150 46 lot,80000,40.0,150.0,61000.0,1.0,15.0
RayZr 78Lot scooter ✅ 9813296721,75000,35.0,113.0,38304.0,0.0,9.0
honda shine 57Lot bike ✅ 9813296721,85000,45.0,125.0,52668.0,1.0,12.0
Aprillia sr 125 131Lot scooter ✅ 9813296721,165000,45.0,125.0,14364.0,0.0,4.0
Ns 160 abs 132Lot bike ✅ 9813296721,185000,40.0,160.0,14364.0,1.0,4.0
Himalayan 411,380000,28.0,411.0,28728.0,1.0,7.0
Only 11000 KM run RS 200 for sale,205000,32.0,200.0,11000.0,1.0,12.0
TVS Apache RTR 200 4V BS6 (FI + ABS) urgent sell,275000,40.0,200.0,17900.0,1.0,3.0
YAMAHA FASCINO(FIXED PRICE WITH OFFER),115999,35.0,109.0,45000.0,0.0,6.0
dominar 250  on sell,375000,25.0,250.0,17000.0,1.0,2.0
Aviator Scooter Single Handed,145000,35.0,110.0,25000.0,0.0,8.0
Super Fresh Condition Dio Urgent Sell,95000,40.0,110.0,37000.0,0.0,10.0
Aviator 127Lot scooter ✅ 9813296721,155000,40.0,110.0,14364.0,0.0,4.0
pulsar 220f abs 124Lot bike ✅ 9813296721,225000,35.0,220.0,14364.0,1.0,4.0
Xpulse 200T Fresh & single handed. Model 2022,225000,38.0,199.0,15500.0,1.0,3.0
Honda Grazia,169000,45.0,125.0,19152.0,0.0,5.0
RTR 160,165000,40.0,160.0,14364.0,1.0,4.0
Honda Grazia,169000,45.0,125.0,19152.0,0.0,5.0
hero destini,95000,45.0,125.0,23940.0,0.0,6.0
Aprilla Sr 150cc,130000,35.0,150.0,22000.0,0.0,7.0
Mt 15 2019 model for sale,278000,40.0,155.0,30000.0,1.0,6.0
Crf250L Honda 7900 Km Run with accessories,1450000,18.0,250.0,6900.0,1.0,7.0
Low Price Motorcycle,175000,22.0,397.3,20000.0,1.0,8.0
150 pulsar 78 lot ko good condition ,102000,45.0,150.0,39624.0,1.0,9.0
Vespa SXL 2016 LOT,145000,45.0,150.0,46000.0,0.0,9.0
ktm adv 250 for sale,495000,25.0,250.0,24000.0,1.0,4.0
Raider bike on sell,165000,50.0,125.0,23560.0,1.0,3.0
Yamaha Rayzr 125 Fi,200000,45.0,125.0,35.0,0.0,3.0
Honda shine on sell personal bike,165000,55.0,125.0,21000.0,1.0,6.0
220 pulsar ,150000,30.0,220.0,50.0,1.0,8.0
Sell 220 F,235000,30.0,220.0,33000.0,1.0,5.0
Suzuki Gixxer,115000,45.0,155.0,33516.0,1.0,8.0
Yamaha Ray ZR 125 Fi Street Rally,230000,55.0,125.0,16000.0,0.0,3.0
ns 200 abs on sell,215000,30.0,200.0,33000.0,1.0,4.0
Beneli 150i in sale,130000,45.0,150.0,3320.0,1.0,5.0
Pulsar 220f,185000,40.0,220.0,22000.0,1.0,8.0
Crf 2017 ,1250000,28.0,249.0,36000.0,1.0,8.0
132 LOT FRESH YAMAHA V3 ON SALE!,230000,50.0,150.0,28000.0,1.0,4.0
Honda shine CB 81 lot urgent sale,125000,50.0,125.0,26000.0,1.0,9.0
220f,225,35.0,220.0,52000.0,1.0,4.0
2022 model pulsar 150 TD on sell,165999,45.0,150.0,13000.0,1.0,3.0
Ktm 390 Adventure 2021,600000,25.0,373.0,37000.0,1.0,4.0
DUKE 200 BS6,450000,35.0,200.0,11000.0,1.0,1.0
2024 model 148lot bajaj pulsar 150cc,245000,40.0,150.0,12500.0,1.0,1.0
Kawasaki Ninja 650,1400000,16.0,650.0,15500.0,1.0,12.0
URGENT SALE PULSAR 150TD,195000,40.0,150.0,34000.0,1.0,4.0
Yamaha YZF R3 ,699999,25.0,321.0,26000.0,1.0,8.0
Crossfire GR7 on perfect condition !,360000,18.0,250.0,7500.0,1.0,6.0
BAJAJ AS200,80000,30.0,200.0,40000.0,1.0,10.0
Cbz  extreme bike sales good condition ,40000,45.0,150.0,60.0,1.0,15.0
Rtr 1604v single hand,170000,37.0,160.0,20000.0,1.0,3.0
RTR 200 4V Fi ABS 2021 Model single Hand for sale,205000,40.0,199.0,29000.0,1.0,4.0
CBZ2010(single hand),80000,40.0,150.0,74000.0,1.0,15.0
"Brand New Rtr 160 4v Fi Abs Bs6 
062Lot 9843645282",340000,40.0,160.0,1.0,1.0,1.0
Apache 200 FI++ABS urgent Sale ‼️‼️,245000,40.0,200.0,20126.0,1.0,3.0
Ntorq 125 - Race edition,155000,24.0,125.0,29000.0,0.0,6.0
🏮HONDA ACTIVA 125 DISC,114999,40.0,125.0,36000.0,0.0,7.0
Tvs Ntorq 125 Fi 2021 Last Model 133 Lot On Sell,208000,45.0,125.0,21000.0,0.0,4.0
Duke 200 Bs6 2021 Model Urgent Sell,375000,35.0,200.0,24000.0,1.0,4.0
TVS Apache RTR 200 4V (Single Hand)- 9814915091,210000,35.0,200.0,23940.0,1.0,6.0
Sport bike Suzuki Gixxer 71 lot 9803656430,80000,45.0,150.0,32000.0,1.0,9.0
Vespa Scooter VXL-125,141000,45.0,125.0,25178.0,0.0,7.0
Old bullet on sell,350000,30.0,350.0,32000.0,1.0,18.0
Duke 200 BS4 2018 Model,335000,30.0,200.0,15000.0,1.0,7.0
For Sale: Honda CB 350 H’ness (2021 Model),550000,25.0,350.0,26000.0,1.0,5.0
013 Lot TVS Apache Rtr 200 4v Bike Like New,168000,35.0,200.0,37000.0,1.0,6.0
SINGLE HANDED YBX125 (FIXED PRICE WITH OFFER),49999,45.0,125.0,24900.0,1.0,24.0
Mt 15 bs6 13500km run 053 lot 2024 model on sale ,465000,45.0,155.0,13330.0,1.0,1.0
Yahama Facino 94 Lot Sale Or Exchange,109000,50.0,125.0,31000.0,0.0,8.0
Hero Super Splendor 72 Lot Sale Or Exchange,98000,50.0,125.0,32000.0,1.0,9.0
Beneli 150,99000,45.0,150.0,777.0,1.0,7.0
Yamaha Saluto Single Hand,84000,45.0,125.0,33333.0,0.0,9.0
Bajaj Pulsar 150cc 79 Lot Sale Or Exchange,125000,45.0,150.0,29000.0,1.0,9.0
Yahama R15 V1 79 Lot Sale Or Exchange,129000,50.0,150.0,22000.0,1.0,9.0
Tvs Nrorque Disk Break 107 Lot Sale Or Exchange,145000,40.0,125.0,21000.0,0.0,6.0
Bajaj Pulsar 150cc 91 Lot Sale Or Exchange,135000,45.0,150.0,33000.0,1.0,8.0
Yahama Alba 125cc 30 Lot Sale Or Exchange,50000,45.0,125.0,39000.0,1.0,17.0
Tvs Appachi 160 4v 133 Lot Sale Or Exchange,198000,40.0,160.0,32000.0,1.0,4.0
Honda Xr 190,450,45.0,190.0,23940.0,1.0,6.0
220 for sale ,130000,35.0,220.0,36000.0,1.0,8.0
Ns 200 sale ,205000,35.0,200.0,23000.0,1.0,25.0
Bullet Reborn On Sale,435000,30.0,350.0,18000.0,1.0,2.0
Yamaha  Ray-Zr Really 130 Lots Sale/Xchange,205900,45.0,125.0,18000.0,0.0,4.0
Yamaha saluto 117 lot sale ma,99000,45.0,125.0,22000.0,1.0,5.0
Hero Glamour ,125000,55.0,125.0,11500.0,1.0,4.0
125 Lot 2021 Model One Hand Yamaha FZ-S Version3.0,228000,45.0,150.0,19000.0,1.0,4.0
Pulsar 150 TD,220000,45.0,150.0,19000.0,1.0,3.0
thunderbird 350 sale or exchange,425000,33.5,350.0,17000.0,1.0,5.0
Royal Enfield Himalayan Sale,300000,28.0,411.0,60000.0,1.0,8.0
123 lot dio dx,173000,40.0,110.0,27000.0,0.0,4.0
fz 250 sale or exchange !,190000,40.0,250.0,39000.0,1.0,8.0
Ntorq Xp,245000,45.0,125.0,19000.0,0.0,2.0
Honda Aviator,130000,40.0,110.0,29000.0,0.0,7.0
Pulsar 220,135000,40.0,220.0,31000.0,1.0,9.0
The 2017 Yamaha YZF-R3 is a popular sport bike kno,580000,22.0,321.0,22.0,1.0,8.0
Mt 053 lot on sale,460000,50.0,155.0,8000.0,1.0,1.0
FZ v2 sale or exhange,255000,45.0,150.0,22000.0,1.0,4.0
ns 400z sale or exchange,475000,30.0,400.0,890.0,1.0,1.0
aprilia sr 125 sale or exchange,155000,35.0,125.0,14000.0,0.0,4.0
Bs3 duke 200 lot 63 2014 last model price only210k,210000,35.0,200.0,47880.0,1.0,11.0
Tvs Ntorq XP 2024 model,247000,45.0,125.0,0.0,0.0,1.0
Fzs v2 2017 @150k,150,45.0,149.0,54000.0,1.0,8.0
Vespa VXL Elegente 76 Lots Sale/Xchange,99900,30.0,125.0,40000.0,0.0,9.0
73 lot honda shine,110000,50.0,125.0,38000.0,1.0,9.0
R15 M,439999,40.0,155.0,9576.0,1.0,3.0
Scooter,170000,35.0,125.0,24000.0,0.0,4.0
Yahama Rayz 119 Lot Sale Or Ex,139000,50.0,125.0,21000.0,0.0,5.0
Hero pleasure (ba 41 lot),38000,30.0,102.0,25100.0,1.0,15.0
Pulsar 150 76lot Full Fresh,110000,45.0,150.0,56000.0,1.0,10.0
Yamaha R15,125000,45.0,150.0,29000.0,1.0,7.0
Apache 160 | Tvs Apache,179000,45.0,160.0,29000.0,1.0,3.0
Honda Shine,55000,45.0,125.0,38000.0,1.0,15.0
Pulsar | Pulsar 180,128000,38.0,180.0,23000.0,1.0,7.0
Avenger 220 cruise,99000,35.0,220.0,31000.0,1.0,11.0
Honda | Honda Unicorn,68000,45.0,150.0,38000.0,1.0,14.0
Avenger 220 cruise,98000,35.0,220.0,31000.0,1.0,11.0
Hartford VR 150,105000,35.0,150.0,31000.0,1.0,13.0
Fzs v2,155000,40.0,150.0,31000.0,1.0,8.0
Avenger 220,80000,38.0,220.0,39000.0,1.0,14.0
"CBR 250 On Sale 
Cn 9808069712",249999,30.0,250.0,32800.0,1.0,10.0
Pulsar 150 67 Lot On Sell Best Condition,120000,42.0,150.0,45000.0,1.0,10.0
"FZ V2 On Sale 
Cn 9808069712",239999,45.0,150.0,18000.0,1.0,3.0
"R15 V3 On Sale 
Cn 9808069712",279000,45.0,155.0,33000.0,1.0,5.0
"Dominar 400 On Sale 
Cn 9808069712",215000,30.0,400.0,25000.0,1.0,8.0
"Rtr 200 On Sale 
Cn 9808069712",199999,30.0,200.0,21000.0,1.0,4.0
"Ns 200 On Sale 
Cn 9808069712",239999,35.0,200.0,31000.0,1.0,3.0
"Fascino On Sale 
Cn 9808069712",99000,30.0,110.0,36000.0,0.0,9.0
"Duke 200 On Sale 
Cn 9808069712",225000,30.0,200.0,26000.0,1.0,9.0
"Raider On Sale 
Cn 9808069712",199999,50.0,125.0,0.0,1.0,2.0
154 Lot 2024 Model Like New KTM DUKE 250 GEN 3,595000,30.0,250.0,12000.0,1.0,1.0
Foreign Country KO Visa lagako vayera urgent sale ,430000,35.0,350.0,4788.0,1.0,2.0
Pulsar 150,79000,45.0,150.0,36000.0,1.0,14.0
Vespa 2016 model,98000,35.0,125.0,38304.0,0.0,9.0
Yamaha fascino 77 Lots Sale/Xchange,73900,35.0,110.0,27000.0,0.0,9.0
FZS 2019 Single Hand 35000km 9851144880,215000,45.0,150.0,35000.0,1.0,6.0
Duke 250,0,30.0,250.0,21000.0,1.0,5.0
86 lot Royal Enfield Thunderbird 350,310000,30.0,350.0,26000.0,1.0,9.0
N 250,305000,30.0,250.0,10000.0,1.0,3.0
"Royal enfield classic 350 bullet Reborn
2023 model",465000,35.0,350.0,14000.0,1.0,2.0
"Apache RTR 200 4V
2021 model for sale",205000,35.0,200.0,30000.0,1.0,4.0
Tvs Appachi 1604v Abs 2021 Model Sale Or Ex 160 Lo,199000,50.0,160.0,22000.0,1.0,4.0
Tvs Appachi 1604v Abs 2021 Model Sale Or Ex 160 Lo,199000,50.0,160.0,22000.0,1.0,4.0
Classing 350 Reborn Bullet On Sale,445000,32.0,350.0,18000.0,1.0,2.0
Tvs Ntorque Race Xp 151 Lot Sale Or Exchange,269000,50.0,125.0,12000.0,0.0,1.0
Honda Shine,58000,45.0,120.0,61000.0,1.0,15.0
Pulsar 180,135000,40.0,180.0,29000.0,1.0,7.0
Royal Enfield 500cc Bike for sale,385000,25.0,500.0,26000.0,1.0,8.0
Discover 125st,142000,45.0,125.0,15000.0,1.0,4.0
Honda Grazia 123 Lots Sale/Xchange,165900,35.0,125.0,21000.0,0.0,4.0
Honda Xr 190l / XR190l 2022 model  lot 35,625000,45.0,190.0,8100.0,1.0,3.0
Vespa 125cc 119 Lot Sale Or Exchange,139000,35.0,125.0,23000.0,0.0,5.0
CROSS X SE 250,390000,30.0,250.0,12000.0,1.0,8.0
duke 200 bs4 for sale or exchange,285000,35.0,200.0,33516.0,1.0,8.0
"Cx Se 250r 
040 Lot 9843645282",435000,30.0,250.0,14000.0,1.0,4.0
"Honda Dio
43 Lot 9843645282",50000,36.0,109.0,35000.0,0.0,18.0
"Honda Shine 
86 Lot  9843645282",125000,45.0,125.0,33516.0,1.0,8.0
Rolling Wheels Auto Enterprises,265000,30.0,250.0,43092.0,1.0,10.0
Honda Dio 69 Lot Sale Or Ex,109000,45.0,110.0,32000.0,0.0,9.0
Hero Achiver 150cc 104 Lot Sale Or Exchange,109000,45.0,150.0,23000.0,1.0,6.0
Ntorq Disk,175000,40.0,125.0,9576.0,0.0,3.0
Royal enfield classic 350 | Bullet 350,439000,45.0,350.0,19000.0,1.0,2.0
Bajaj Discover Disk Break 125cc 82 Lot Sale Or Ex,99000,50.0,125.0,33000.0,1.0,9.0
Ntorq XP Top Model,265000,50.0,125.0,10700.0,0.0,2.0
Aprilia Storm 125 Lots Sale/Xchange,139900,40.0,125.0,2403.0,0.0,4.0
104 lot honda shine,145000,50.0,125.0,41000.0,1.0,7.0
Tvs NToRQ 109 Lots Sale/Xchange,139900,30.0,125.0,23940.0,0.0,6.0
Ray Z for sale or exchange,117000,45.0,110.0,23940.0,1.0,6.0
vespa sxl 125 for sale or exchange,122000,35.0,125.0,30000.0,1.0,8.0
Tvs Nrorque Raceediton 136 Lot Sale Or Ex,199000,40.0,125.0,22000.0,0.0,3.0
Yamaha r15 ,85000,45.0,150.0,42000.0,1.0,13.0
Royal Enfield Classic Reborn 350,438888,35.0,350.0,3500.0,1.0,2.0
2020 Bajaj Pulsar NS160 | 14 000 km | First owner,200000,38.0,160.0,24000.0,1.0,5.0
Nk 250 cf moto,220000,30.0,250.0,33000.0,1.0,7.0
Tvs Nrorque Raceediton Fi 139 Lot Sale Or Ex,219000,45.0,125.0,16000.0,0.0,3.0
APACHE 1604V FOR SELL,220000,35.0,160.0,30000.0,1.0,2.0
Bajaj Avenger 150 for Sale – Well Maintained,130000,50.0,150.0,50000.0,1.0,9.0
Aprilla 150 ,155000,20.0,150.0,20.0,0.0,6.0
Tiger 200,230000,35.0,200.0,0.0,1.0,1.0
Pulsar 150cc,65000,46.0,150.0,25000.0,1.0,18.0
Ktm adventure 250 2023 145lotin pristine condition,599999,30.0,250.0,12000.0,1.0,2.0
Aviator,135000,40.0,110.0,0.0,0.0,8.0
Hero XPulse 200 – 2021,260000,35.0,200.0,26867.0,1.0,4.0
R15 V3 2020 Model 118 Lot On Sale!!,285000,40.0,150.0,37.0,1.0,5.0
"Raider On Sale 
Cn 9808069712",199000,55.0,125.0,12000.0,1.0,1.0
"Gixxer On Sale 
Cn 9808069712",109000,40.0,155.0,36000.0,1.0,8.0
"Gixxer On Sale 
Cn 9808069712",129000,40.0,155.0,26000.0,1.0,7.0
Benelli On Sale,139000,45.0,150.0,48000.0,1.0,5.0
suzuki burgman for sale,165000,45.0,125.0,9576.0,0.0,3.0
Dio Scooter,50000,35.0,100.0,61000.0,0.0,24.0
Honda Aviator,169000,45.0,110.0,12000.0,0.0,4.0
Honda Aviator,129000,40.0,110.0,32000.0,0.0,7.0
Duke 200 Front rim,10000,31.0,200.0,0.0,1.0,1.0
Fz250 on rent,2500,30.0,249.0,60000.0,1.0,7.0
Honda Aviator Scooter  17 800 km,164999,40.0,110.0,17800.0,0.0,6.0
Jawa Pérák,650000,25.0,334.0,8774.0,1.0,5.0
Honda CBR 250R,380000,35.0,250.0,18000.0,1.0,8.0
Splendor ,120000,60.0,100.0,0.0,1.0,5.0
Duke 200 bs6/ Dual channel abs,425000,35.0,200.0,13151.0,1.0,4.0
Royal Enfield 350 classic ,420000,35.0,350.0,30000.0,1.0,8.0
Honda XR 190cc 129 Lot Single Handed Sale Or Ex,579000,40.0,190.0,27000.0,1.0,4.0
Bajaj Domaninar D400 98 Lots Sale/Xchange,221900,30.0,373.0,23000.0,1.0,7.0
r15,112000,45.0,150.0,40000.0,1.0,9.0
vr 150,430000,35.0,150.0,200.0,1.0,5.0
Dominar 400 cc like brand new,395000,30.0,400.0,18000.0,1.0,3.0
137 lot Duke 2022 model on sale ,379000,45.0,200.0,27.0,1.0,3.0
tvs jupiter on sale,100000,40.0,110.0,35000.0,0.0,8.0
Butwal Bhairahawa ko lagi Bike Vadama ,1000,30.0,220.0,30000.0,1.0,7.0
Benelli TNT 15,115000,35.0,150.0,45000.0,1.0,6.0
Honda XR190L,650000,45.0,190.0,27000.0,1.0,3.0
Ktm Rc 200 2022 Model For Sale 9823329921 bike owner number ,520000,35.0,200.0,6500.0,1.0,3.0
R15 V4 (Red Colour) On Sale. Contact 9808572809,449000,45.0,155.0,15000.0,1.0,3.0
Tvs Styker 125cc Disk Break 145 Lot Sale Or Ex,149000,50.0,125.0,11000.0,1.0,3.0
Tvs Ronin 225cc 147 Lot Sale Or Ex,369000,35.0,225.0,14000.0,1.0,2.0
128 lot dio dx,175000,40.0,109.0,26000.0,0.0,4.0
Honda XR 190 L,600000,40.0,190.0,10500.0,1.0,4.0
Fz V3 Fi Abs 050 Lot,325000,45.0,149.0,12000.0,1.0,3.0
BULLET BIKE ON RENTAL RS. 2500 ONLY,2500,35.0,350.0,5000.0,1.0,3.0
"Dominar250D
2021model
Tax Clearance Upto 2083",260000,25.0,250.0,22724.0,1.0,4.0
Pulsar 150 Single Dics ,155000,40.0,150.0,25000.0,1.0,6.0
Ns 200,235000,40.0,200.0,24000.0,1.0,3.0
Ns 200,128000,35.0,200.0,39000.0,1.0,10.0
Xr190 ,520000,45.0,190.0,21000.0,1.0,5.0
royal enfield reborn 350 on sale,439999,35.0,350.0,2890.0,1.0,2.0
Duke 250 Bs6,390000,25.0,249.0,23500.0,1.0,5.0
PULSAR NS 160,99000,40.0,160.0,31490.0,1.0,8.0
Pulsar 220F Bike 2017 model 85 lot,140000,32.0,220.0,32000.0,1.0,8.0
130000 Ma NTORQ TVS SCOOTER,140000,34.0,125.0,25.0,0.0,5.0
Tvs Phonex Bike 125cc,65000,65.0,125.0,35000.0,1.0,8.0
Bajaj Pulsar 220 82 Lot Sale Or Exchange,139000,40.0,220.0,42000.0,1.0,8.0
Super Splender i3s 125cc,137999,50.0,125.0,14000.0,1.0,6.0
Ktm Duke 139lot On Sale Or Exchange,410000,35.0,200.0,12000.0,1.0,3.0
Honda Shine Disk Break 134 Lot Sale Or Ex,189000,45.0,125.0,15000.0,1.0,4.0
Yamaha R15s 2017  model 29 lot,125000,28.0,149.0,44000.0,1.0,8.0
Ktm Duke 200cc Lot 85 9823657076,233000,35.0,200.0,28.0,1.0,8.0
Bajaj Pulsar 220cc Lot 77 9823657076,123000,35.0,220.0,28000.0,1.0,9.0
Reborn 350 Classic,449000,30.0,350.0,16000.0,1.0,2.0
Honda Aviator,132000,40.0,110.0,38000.0,0.0,7.0
Pulsar 150,229000,45.0,150.0,15000.0,1.0,2.0
KTM Duke 390,295000,28.0,375.0,39500.0,1.0,9.0
Single Hand Powerful Yamaha FZ25 FZ250 Fresh,249999,30.0,250.0,41000.0,1.0,6.0
Bajaj Avanger 220 Cruise 82 Lot 9823657076,115000,45.0,220.0,22000.0,1.0,8.0
Honda Dio Scooter,55000,55.0,125.0,4000.0,0.0,13.0
Ktm Duke 200 93 Lot Sale Or Exchange 2018 Model,299000,35.0,200.0,24000.0,1.0,8.0
Yahama Rayz Hybrid 125cc 151 Lot Sale Or Ex,274000,58.0,125.0,7000.0,0.0,1.0
Dominar 400 well maintained bike,410000,30.0,400.0,9576.0,1.0,3.0
Ktm Duke 200 Abs Fi 139 Lot Sale Or Ex,419000,40.0,200.0,13000.0,1.0,3.0
Hartford Vr 150H,90000,45.0,150.0,57456.0,1.0,13.0
Mt 15,498000,45.0,155.0,6000.0,1.0,1.0
scooter on sale fresh good mileage good pickup,129999,40.0,109.0,29000.0,0.0,8.0
"R15m 
036 Lot 9803130319",415000,45.0,155.0,9576.0,1.0,3.0
ray,89000,38.0,110.0,35000.0,0.0,8.0
150,135000,38.0,150.0,35000.0,1.0,8.0
Royal Enfield reborn on Sale on best price  ,499000,35.0,350.0,6500.0,1.0,1.0
Pulsar 150AS,85000,45.0,150.0,33.0,1.0,9.0
Crossfire xzrr for sale,330000,20.0,250.0,35000.0,1.0,9.0
Fz V2.0 120 Lot Sale Or Exchange ,215000,50.0,150.0,18000.0,1.0,5.0
Ns 200 Abs Fi 129 Lot Sale Or Exchange,225000,45.0,200.0,35000.0,1.0,4.0
Bike on Sale,230000,30.0,200.0,34000.0,1.0,6.0
Vespa SXL 150 CC 1 45 000/- 2017model ,145000,30.0,150.0,32000.0,0.0,8.0
Tvs 200 4 vs,200000,35.0,200.0,11000.0,1.0,5.0
Ktm 390 Adventure In Best Condition|All Accesories,750000,28.0,390.0,24.0,1.0,4.0
FZ V2 70k running Jankpur lot,140000,40.0,150.0,75000.0,1.0,8.0
KTM RC 390 on sale,550000,30.0,390.0,8000.0,1.0,4.0
Bajaj NS 200,230000,35.0,200.0,30000.0,1.0,6.0
Cbz Xtreme,70000,50.0,150.0,61000.0,1.0,15.0
BMW 310GS,900000,30.0,310.0,22000.0,1.0,6.0
husqvarna svartpilen 250 Urgent Sale,350000,30.0,250.0,16000.0,1.0,4.0
ns 200,130000,30.0,200.0,28728.0,1.0,7.0
Avenger 220 (single Hand) genuine KM 26 632 on sel,186500,32.0,220.0,26632.0,1.0,8.0
FZ25 ABS,270000,40.0,250.0,19152.0,1.0,5.0
FZs yamaha,150000,45.0,149.0,22000.0,1.0,9.0
Yamaha r3 ,680000,22.0,321.0,20.0,1.0,9.0
R15,129999,45.0,150.0,38304.0,1.0,9.0
APRILIA STORM 125,149999,35.0,125.0,14364.0,0.0,4.0
Royal Enfield Classic 500( Chrome Edition),400000,25.0,500.0,26520.0,1.0,8.0
duke 250 bs4,400000,28.0,250.0,25000.0,1.0,7.0
Duke 200,450000,31.0,200.0,8800.0,1.0,1.0
Crossfire RM250 (2021 last model),480000,25.0,250.0,24000.0,1.0,4.0
160 RTR Apache 2018 model for sale  Bansbari Kathm,165,53.0,160.0,47000.0,1.0,7.0
Jawa 42 on sale super fresh 126 lot 2021 last ,380,30.0,350.0,14364.0,1.0,4.0
Hero Supersplendor 125cc 95 Lot Sale Or Ex,119000,55.0,125.0,19000.0,1.0,8.0
Honda Unicorn 160cc 1 Hand Super fresh Urgent Sell,125000,40.0,160.0,40000.0,1.0,7.0
Ktm Duke 200 bs6,380000,35.0,200.0,19.0,1.0,4.0
Gixxer Bike For sale ,110000,30.0,155.0,50000.0,1.0,7.0
Ace British 400 on Sale,290000,30.0,400.0,12800.0,1.0,8.0
Ntorq On Sale,160000,30.0,125.0,30000.0,0.0,4.0
Ktm duke 390,515000,20.0,390.0,31000.0,1.0,6.0
Bike On Sell ,155000,33.0,160.0,30000.0,1.0,7.0
Honda Shine Diskbreak 134 Lot Sale Or Exchange,189000,55.0,125.0,15000.0,1.0,3.0
Motrac 125,78999,25.0,125.0,25000.0,1.0,8.0
Single Hand Vespa Sxl (Fixed Price),79999,30.0,150.0,25000.0,0.0,9.0
suzuki 250 bikrima,340000,35.0,250.0,35500.0,1.0,6.0
Runner 200 On Sale,145000,35.0,200.0,12000.0,1.0,6.0
Honda Grazia Fi 142lot On Sale Or Exchange,249000,45.0,125.0,8000.0,1.0,3.0
Yamaha V3 Double Abs,230000,40.0,155.0,37000.0,1.0,5.0
BMW Moter Bike,900000,35.0,310.0,4000.0,1.0,3.0
Bike dominar,525000,35.0,400.0,7888.0,1.0,1.0
MT 15,400000,45.0,155.0,14.0,1.0,2.0
Tvs Appachi 200 Abs Fi 141 Lot Sale Or Exchange,279000,40.0,200.0,12000.0,1.0,3.0
Apache Rtr 1604v 102lot On Sale Or Exchange,159000,40.0,160.0,23940.0,1.0,6.0
Tvs Apache 200 141lot On Sale Or Exchange,259000,35.0,200.0,9576.0,1.0,3.0
Tvs Appachi 1604v Double Disk 102 Lot Sale Or Ex,159000,40.0,160.0,29000.0,1.0,6.0
Hero160cc Fi +abs extreme 123 lot 2021,169999,55.0,160.0,13.0,1.0,4.0
R15,100000,45.0,149.0,17288.0,1.0,9.0
86 lot Spenldor+ 2017 model ,95000,65.0,110.0,33516.0,1.0,8.0
SUZUKI GIXER SF155 ,110000,45.0,155.0,40000.0,1.0,10.0
as 200,95000,30.0,200.0,29000.0,1.0,10.0
BAJAJ RS 200 On Sale & Exchange,160000,35.0,200.0,24000.0,1.0,10.0
Benelli 302s for sale ,540000,35.0,302.0,33000.0,1.0,6.0
Honda Aviator,170000,35.0,110.0,22000.0,0.0,4.0
R15 V4.0 M 137 Lot Sale Or Exchange ,455000,45.0,155.0,5000.0,1.0,3.0
Aprilia Sr 125 119 Lot Sale Or Exchange ,165000,40.0,125.0,5500.0,0.0,5.0
Pulsar 220,130000,30.0,220.0,39.0,1.0,9.0
"Duke 200 On Sale 
Cn 9808069712",230000,40.0,200.0,46000.0,1.0,9.0
"Ns 200 On Sale 
Cn 9808069712",160000,30.0,200.0,36000.0,1.0,7.0
"Benelli 300 On Sale 
Cn 9808069712",360000,30.0,300.0,31000.0,1.0,8.0
CF Moto 400NK,350000,30.0,400.0,16000.0,1.0,6.0
Ns200 Blue and Black.singal hand ho tax clear2081,120000,35.0,200.0,33000.0,1.0,10.0
Classic 350 On Sale,399000,35.0,350.0,32000.0,1.0,6.0
Aviator for sell,129000,36.0,109.0,32000.0,1.0,7.0
Taro Motor AlexOne 150Cc 134 Lots Sale/Xchange,199900,30.0,150.0,14000.0,1.0,3.0
Bajaj Pulsar 150cc 115 Lot 2020 Model Sale Or Ex,189000,45.0,150.0,18000.0,1.0,5.0
Aprilia Sr 150,195000,45.0,150.0,14000.0,0.0,3.0
Duke 200,400000,30.0,200.0,20000.0,0.0,3.0
Super Splendor 74 Lot Sale Or Exchange ,92000,55.0,125.0,35000.0,1.0,9.0
Honda shine fresh condition,120000,56.0,125.0,50000.0,1.0,9.0
XR 190 For Sale,488000,50.0,190.0,25000.0,1.0,7.0
R15M - 12000kms run - 2023 model for sale,500000,50.0,155.0,6000.0,1.0,2.0
BENELLI PANAREA 125 EFI SCOOTER SELL IN BHAKTAPUR,250000,50.0,125.0,0.0,1.0,4.0
Cb350rs For Sale,690000,33.5,350.0,21000.0,1.0,3.0
FZ X YAMAHA (Like brand new),345000,40.0,150.0,4000.0,1.0,2.0
TVS Apache full fresh condition   Rs 75000,75000,35.0,159.0,30000.0,1.0,12.0
Pulsar 220,99999,35.0,220.0,61000.0,1.0,16.0
Odometer for Crf 250l and Rally,48500,30.0,250.0,0.0,1.0,6.0
Suzuki GN 125,160000,45.0,125.0,32000.0,1.0,15.0
Honda CB Hornet 160R,180000,45.0,163.0,42000.0,1.0,7.0
"Duke 200 Bs6 Model 
041 Lot 9843645282",435000,35.0,200.0,14000.0,1.0,3.0
Aprilia SR Raceing 150Cc 131 Lots Sale/Xchange,183900,30.0,150.0,11000.0,0.0,4.0
Bajaj Avenger,140000,45.0,149.0,47000.0,1.0,8.0
pulsar 150cc 48 lot no provlems,75000,40.0,150.0,65000.0,1.0,14.0
BMW 310GS,850000,30.0,310.0,21136.0,1.0,6.0
Hero Xtreme,130000,45.0,200.0,16000.0,1.0,6.0
rieju bike,300000,20.0,125.0,50000.0,1.0,15.0
Honda Dream Yoga 110cc,65000,55.0,110.0,34000.0,1.0,12.0
tvs ronin 225,340000,35.0,225.0,10000.0,1.0,2.0
2016 model avenger 150 (NUMBER 9703318215),100000,45.0,150.0,24000.0,1.0,10.0
YAMAHA FZ25 250,170000,30.0,250.0,48000.0,1.0,7.0
[URGENT - LIKE NEW ] | XPULSE 200 ,290000,37.5,199.0,11000.0,1.0,4.0
Suzuki GZ 250 Japanese sale or exchange ,350000,25.0,250.0,40.0,1.0,25.0
Atorq scooter sale,165000,45.0,125.0,21000.0,0.0,5.0
yamaha fz on sale,160000,45.0,150.0,28728.0,1.0,7.0
For Sale: 2016 Royal Enfield Bullet 350,310000,45.0,350.0,38304.0,1.0,9.0
duke 390 bs6 ugrnet sell,510000,25.0,390.0,100000.0,1.0,4.0
Hero Xterm cbz 103 Lots Sale/Xchange,87900,45.0,150.0,15000.0,1.0,7.0
TVS Phoenix 125cc (76 lot),122000,45.0,125.0,27000.0,1.0,9.0
Crossfire XZ 250,300000,18.0,250.0,18000.0,1.0,9.0
Avenger 220 2020 Model,270000,35.0,220.0,21500.0,1.0,5.0
CB unicorn 150,90000,47.0,150.0,39999.0,1.0,10.0
Rtr200 4v,155000,38.0,200.0,26000.0,1.0,7.0
Brand New Apache RTR 200 4v 2022 Last 14k genuine,275000,40.0,200.0,14000.0,1.0,3.0
Brand New Apache RTR 200 4v 2022 Last 14k genuine,275000,40.0,200.0,14000.0,1.0,3.0
KTM Duke 250 - 2019,550000,30.0,250.0,26000.0,1.0,6.0
Bajaj NS 200,170000,40.0,200.0,24000.0,1.0,8.0
Duke 200 ,200000,43.0,200.0,18000.0,1.0,11.0
Yamaha FZ250,155000,35.0,250.0,30.0,1.0,6.0
Benelli TNT 135,160000,40.0,135.0,19000.0,1.0,7.0
Bike on Sale,165000,40.0,125.0,35000.0,1.0,6.0
Bajaj Pulsar 200 NS 2016 Model,170000,35.0,200.0,24000.0,1.0,9.0
benelli leoncino 250,450000,40.0,250.0,16000.0,1.0,5.0
150 pulsar,90000,40.0,150.0,0.0,1.0,12.0
82 Lot New Model Beneli TNT On Sales Or Exchange,168000,45.0,250.0,27000.0,1.0,8.0
TVS APACHE RTR - 160cc,205000,35.0,160.0,13150.0,1.0,4.0
Pulsar 150 2005 model,44000,40.0,150.0,61000.0,1.0,20.0
Aprilia Sr 125,148000,35.0,125.0,23000.0,0.0,4.0
Honda Unicorn ,116000,42.0,160.0,36000.0,1.0,10.0
Fz Yamaha bike,120000,25.0,151.0,61000.0,1.0,15.0
Bajaj Ns 200 Like new  Good Engine,165000,35.0,200.0,38.0,1.0,8.0
Dio On Sell,162000,40.0,122.0,12000.0,0.0,6.0
Bike,150000,35.0,200.0,30000.0,1.0,8.0
Destini 125 023 lot on sale,110000,35.0,125.0,19152.0,0.0,5.0
NS 200 BS7 on sale. Urgent sale. 18500km run.,320000,40.0,200.0,2700.0,1.0,2.0
Urgent Duke 200 On Sale,220000,35.0,200.0,34000.0,1.0,9.0
CrossfireXZ250RR,290000,22.0,250.0,33516.0,1.0,8.0
Benelli Tnt 150,150000,40.0,150.0,17000.0,1.0,6.0
XR 190l,470000,45.0,190.0,27000.0,1.0,6.0
Yamaha R3,559999,22.0,320.0,13000.0,1.0,9.0
Bike Sell,525000,35.0,350.0,24000.0,1.0,4.0
ktm duke 200,130000,35.0,200.0,57456.0,1.0,13.0
Yamaha Fazer,75000,35.0,160.0,60000.0,1.0,14.0
Ns 200 fi abs,330000,40.0,200.0,11000.0,1.0,3.0
Duke 200 bs6 For sale,450000,30.0,200.0,6600.0,1.0,4.0
Fz 250,200000,30.0,250.0,13750.0,1.0,6.0
Honda CBR 250R,400000,30.0,250.0,3000.0,1.0,25.0
bike on sale,200000,30.0,250.0,9000.0,1.0,4.0
Super spender bike on sale ,125000,55.0,125.0,33516.0,1.0,8.0
 Yamaha ZR Street Rally 113cc,125000,35.0,113.0,18821.0,0.0,7.0
Yamaha FZS V2 2021,320000,50.0,150.0,5500.0,1.0,4.0
Pulsar 180,30000,30.0,180.0,42000.0,1.0,16.0
Crossfire Tracker 249  Not Ridden Much,225000,34.0,249.0,5560.0,1.0,4.0
FZ 250 DUAL CHANNEL ABS ,200000,35.0,250.0,17000.0,1.0,3.0
"KTM Duke 250
Model : 17
No Engine Sound",280000,35.0,250.0,45000.0,1.0,7.0
Mt-15 on sale ,370000,35.0,155.0,14364.0,1.0,4.0
Yamaha SZS Motorcycle  black,75000,50.0,153.0,21000.0,1.0,11.0
Mt15 For Sale,300000,40.0,155.0,25220.0,1.0,5.0
Pulsar 150,155000,40.0,150.0,33000.0,1.0,7.0
Vespa 125,130000,40.0,125.0,11000.0,0.0,7.0
New Electric Scooter,99999,60.0,100.0,60.0,0.0,7.0
Suzuki Gixxer 155cc 2015model,120000,37.0,160.0,25786.0,1.0,10.0
Pulsar 220 Urgent Sale,158000,35.0,220.0,22000.0,1.0,9.0
Ace British 400 On Sale,250000,30.0,400.0,16000.0,1.0,9.0
Mt 15 bike,220000,45.0,155.0,20000.0,1.0,6.0
Benelli TNT 300 ABS,500000,30.0,300.0,8829.0,1.0,7.0
TVS NTORQ 125cc with embossed number ,175000,35.0,125.0,8000.0,0.0,4.0
Pulsar Bike On Sale,122000,40.0,150.0,100000.0,1.0,9.0
Crf250l,1450000,30.0,250.0,6000.0,1.0,6.0
pulsar 150 tw bike urgent sell,150000,45.0,150.0,11000.0,1.0,5.0
Fresh Dominar 400 CC for sale,420000,28.0,400.0,18300.0,1.0,6.0
