name,price,mileage,engine_cc,fuel,kilometer_run,is_automatic,is_4WD,age
Hyundai | i20 Active S | TDi | 2015 | Hatchback (Hyundai),2475000.0,14.0,1400.0,1,42000.0,0,0,10
Excellent car on sale (Hyundai),750000.0,11.0,1399.0,1,87412.0,1,0,20
TATA 407 Container (Tata),700000.0,12.0,2956.0,2,60000.0,0,0,12
4x4 swaraj Mazda (Mahindra),600000.0,14.0,1200.0,2,33516.0,0,1,8
i20 Active good for used few time (Hyundai),375.0,17.0,1200.0,1,2400.0,1,0,6
Tata Sumo Gold 2014 GX (Tata),1400000.0,12.0,2956.0,2,47880.0,0,0,11
Mega XL hatti gadi (Tata),700000.0,15.0,889.0,1,80000.0,1,0,6
Maruti Suzuki Alto 2004 On Sale (Maruti Suzuki),580000.0,15.0,800.0,1,75000.0,0,0,21
Grand i10 magna 2014 (Hyundai),1845000.0,15.0,1200.0,1,31000.0,0,0,11
Blue colour 2016 model Baleno (Maruti Suzuki),2050000.0,17.0,1200.0,1,41000.0,1,1,9
WagonR Sell or Rent (Maruti Suzuki),1025000.0,14.0,1200.0,1,43000.0,0,0,17
2010 model red color santro zinc for sale (Hyundai),1350000.0,15.0,1100.0,1,4200.0,0,1,15
Mahindra cabking (Mahindra),1250000.0,14.0,1200.0,2,28728.0,0,0,7
2011 model ko kia sportage sales & exchange offer (Kia),3250000.0,14.0,1200.0,2,62244.0,0,1,14
"2015 model bolero 7 seater 4wd,powerstering sale (Mahindra)",1950000.0,12.0,2500.0,2,65000.0,0,1,10
बैंक सुबिधा भएको सस्तो कार सङ्ग पनि सट्टा पट्टा (Mahindra),3200000.0,15.0,2100.0,3,61000.0,0,0,6
Hyundai I20 Active Diesel 2015 (Hyundai),2500000.0,14.0,1400.0,2,42000.0,0,0,10
Isuzu Vcross 2019 (Other Brands),5100000.0,12.0,2499.0,2,51000.0,0,1,6
Mg Zs Ev 2021 On Sale (Other Chinese Brands),5300000.0,19.5,105.0,3,12200.0,1,0,4
Niro (Kia),5800000.0,14.0,1200.0,3,9000.0,1,0,6
Hyundai i10 Magna 1.2 2010 model (Hyundai),1350000.0,14.0,1200.0,1,67032.0,0,0,15
Like a Brand New Grand i10 sports 0 Push Bottom (Hyundai),2350000.0,14.0,1197.0,1,7000.0,0,0,8
Fore Sale Grand I10 Magna (Hyundai),1850000.0,14.0,1200.0,1,45000.0,0,0,11
Kia Rio 2011 Model Best Condition (Kia),1430000.0,18.0,1399.0,1,59000.0,0,0,14
Hundai Grend I 10 2019 model Sportz (Hyundai),2600000.0,13.0,1200.0,1,18300.0,0,0,6
Hyundai Creta | Model - 2017 | Diesel (Hyundai),3750000.0,19.5,1582.0,2,42000.0,0,0,8
TATA BOLT RT XM (Tata),1780000.0,15.0,1193.0,1,33516.0,0,0,8
Santro 2010 (Hyundai),1360000.0,15.0,1100.0,1,53000.0,0,0,15
urgent sell (Tata),950000.0,10.0,1400.0,1,52668.0,1,0,12
Car on sale (Maruti Suzuki),2650000.0,18.0,1200.0,1,29000.0,0,0,8
Toyota hilux revo 2018 sell or exchange (Toyota),7850000.0,12.0,2.8,2,42000.0,0,1,7
Datsun Go on sale (Datsun),1275000.0,16.0,1200.0,1,48000.0,0,0,9
Nissan navara le (Nissan),2400000.0,10.0,2500.0,2,75000.0,0,1,15
Sentro fresh condition (Hyundai),1300000.0,18.0,1086.0,1,80000.0,1,0,16
Ford Ecosport for sale (Ford),2950000.0,17.0,1500.0,1,26000.0,0,0,8
One Week Offer Price Fiat Avventura Dynamic 2016.. (Fiat),1550077.0,14.0,1368.0,1,57000.0,0,0,9
Hyundai Venue 2021 like Brand new on Sale (Hyundai),3525000.0,18.0,1200.0,1,13750.0,0,0,4
Scorpio S4+ (Mahindra),3450000.0,14.0,1200.0,2,180000.0,1,1,9
FORD IKON FULL OPTION FRESH N SMOOTH (Ford),550000.0,15.0,1299.0,1,52000.0,0,0,22
Ford Figo (Trend) (Ford),1500000.0,14.0,1200.0,1,70000.0,0,0,9
"Fully fresh, excellent condition, tax cleared (Hyundai)",640000.0,15.0,1086.0,1,105336.0,0,0,23
Kia sportage AWD 8air bag fully looded for sale (Kia),3250000.0,13.0,2000.0,2,67000.0,0,1,14
car sell (Nissan),550000.0,14.0,1200.0,2,117000.0,1,0,28
2023 Nissan Magnite XE (Nissan),3399000.0,15.0,999.0,1,4788.0,0,0,2
Spark (Chevrolet),575000.0,14.0,1200.0,1,81396.0,0,0,18
i20 activeS2016 just like brand new exchange offer (Hyundai),2850000.0,14.0,1200.0,1,38000.0,0,0,8
wagonar bikrima (Maruti Suzuki),1050000.0,15.0,1086.0,1,75000.0,0,0,15
santro bikrima (Hyundai),1050000.0,14.0,1086.0,1,71000.0,0,0,18
ZEN 2006 (Maruti Suzuki),749000.0,16.0,1000.0,1,74000.0,0,1,19
Creta SX 2019 Like new (Hyundai),4300000.0,14.0,1600.0,1,24000.0,0,0,6
Wagon R 2009 (Maruti Suzuki),895000.0,14.0,1200.0,1,71820.0,0,0,16
2010 i 10 MAGNA (Hyundai),1400000.0,15.0,1200.0,1,39888.0,0,0,15
Hyundai Accent 2006 Narayani Number (Hyundai),550000.0,17.0,1400.0,1,86184.0,0,0,19
Honda Jazz 2016 model (Honda),2350000.0,15.0,1200.0,1,34200.0,0,0,9
maruti suzuki ZEN LX (Maruti Suzuki),475000.0,18.0,1000.0,1,70000.0,1,0,23
Truck for sale (Tata),1825000.0,14.0,1200.0,2,33516.0,0,0,8
School Bus On Sale,2100000.0,10.0,3700.0,2,30000.0,0,0,9
Single hand Honda Jazz VMT Fully Loaded (Honda),2450000.0,12.0,1200.0,1,30000.0,0,0,9
TATA 709 EX SCHOOL BUS (Tata),700000.0,7.5,3783.0,2,60000.0,1,0,13
Nissan sunny 2014 full option sedan for sale (Nissan),1599999.0,15.0,250.0,1,42500.0,0,0,11
Nissan kicks XV 2021 (Nissan),4499999.0,14.0,1200.0,1,3700.0,0,1,4
Haval H6 AWD 2021 Top Version (Great Wall Motors),9700000.0,14.0,1200.0,1,16777.0,1,1,4
ford figo 2016 (Ford),1550000.0,14.0,1200.0,1,38304.0,0,1,9
Volkswagen Polo 1.6 (Volkswagen),1650000.0,12.0,1600.0,1,55708.0,0,0,14
kia pincato 2010 full option (Kia),9750000.0,18.0,1200.0,1,57000.0,1,0,15
ELECTRIC CAR FOR SALE! BRAND NEW E VERITO (Mahindra),2050000.0,19.5,727.5,3,6000.0,1,0,5
Hyundai Santro Fresh 2011 (Hyundai),1400000.0,14.0,1084.0,1,57560.0,0,0,14
golden chance 2015 model i20 active s car on sale (Hyundai),2299999.0,14.0,1200.0,1,43092.0,0,0,10
2014 Honda City (Honda),2099000.0,14.0,1200.0,1,55000.0,0,0,11
2014 Honda City on Sale (Honda),2099000.0,14.0,1200.0,1,55000.0,0,0,11
Swift ZXI 2009 9823584566 (Maruti Suzuki),1425000.0,13.0,1300.0,1,70000.0,0,0,16
TATA INDIGO MANZA LX (Tata),1400000.0,18.0,1248.0,2,60000.0,0,0,11
Sonalika tractor (Other Brands),1250000.0,14.0,1200.0,2,19152.0,0,0,5
Volkswagen Polo (Volkswagen),1480000.0,15.0,1200.0,1,57456.0,0,0,13
"Swift Vxi 2017 model, single hand (Maruti Suzuki)",2000000.0,16.0,1200.0,1,35200.0,1,0,8
2022 Kia seltos HTK+ imt semi auto (Kia),5200000.0,15.0,1500.0,1,6700.0,0,0,3
5lakh cash ma ramro vhanda ramro gadi chahiyo? (Other Brands),500000.0,14.0,1200.0,1,90972.0,0,0,20
"Tata Motors, Winger,2017, Yellow , 14 Seats (Tata)",2100000.0,12.0,1948.0,2,93726.0,0,0,8
Maruti Suzuki swift (Maruti Suzuki),1950000.0,13.0,1200.0,1,47000.0,1,0,12
hurry hurry aayo compass limited jeep xito xito xi (Jeep),8000000.0,17.0,1956.0,2,9500.0,0,0,4
Opel corsa 1.4 (Other Brands),375000.0,10.0,1400.0,1,71000.0,0,0,25
Maruti suzuki Astar (Maruti Suzuki),920000.0,14.0,1200.0,1,70000.0,1,0,16
"Nissan X-trail, 2010, beige colour, diseal (Nissan)",3200000.0,12.0,2000.0,2,70000.0,0,1,15
Skoda Khushaq (Skoda),5500000.0,15.0,1000.0,1,24800.0,0,0,4
Kia Seltos auto 2021 (Kia),5750000.0,10.0,1500.0,1,14500.0,1,0,4
hyundai eon era + (Hyundai),1175000.0,15.0,800.0,1,32000.0,0,0,12
Brezza Zxi+ Petrol 2021 Model (full Options) (Maruti Suzuki),4125000.0,16.0,1500.0,1,12000.0,0,0,4
Nexon Ex. 2022 LUX 12000km only (Tata),3700000.0,19.5,30.0,3,12000.0,1,0,3
Land cruiser Prado tx (Toyota),16700000.0,12.0,2882.0,2,46543.0,1,1,9
Mistubishi ls200 (Mitsubishi),7650000.0,12.0,2400.0,2,32000.0,0,1,5
Hyundai Create 2017 Model White Color (Hyundai),3300000.0,15.0,1599.0,1,70000.0,0,0,8
terious 2008 model is for sale (Daihatsu),2775000.0,14.0,1500.0,1,71000.0,0,1,17
eeco van (Maruti Suzuki),1400000.0,12.0,1200.0,1,43092.0,0,0,10
Vitara Brezza 2020 Zxi+ (Maruti Suzuki),4000000.0,15.0,1500.0,1,34000.0,0,0,5
Baleno Zeta 2020 (Maruti Suzuki),3000000.0,18.0,1200.0,1,11000.0,0,0,5
Fresh Mini Jeep On Sell (Other Chinese Brands),1005000.0,12.0,1300.0,1,0.0,0,0,16
Tata Yodha 2021 Model (Tata),1500000.0,12.0,2900.0,2,45000.0,0,0,4
maruti suzuki ritz (Maruti Suzuki),1225000.0,15.0,1200.0,1,62000.0,1,0,15
Toyota Fortuner 2010 (Toyota),7000000.0,10.0,2800.0,2,52000.0,0,1,15
"Maruti Suzuki Alto 800 Lxi, (Maruti Suzuki)",1325000.0,18.0,800.0,1,42500.0,0,0,9
car swift ZXI (Maruti Suzuki),2300000.0,15.0,1200.0,1,25000.0,1,0,9
Single Handed Bolero D/c 4wd P/s 2018 For Sell (Mahindra),2100000.0,15.0,2523.0,2,59000.0,0,1,7
I 20Asta Elite (Hyundai),2750000.0,15.0,1200.0,1,23000.0,0,0,9
"Grand i10 magna 1.2, (Hyundai)",2525000.0,15.0,1200.0,1,17000.0,0,0,6
Skoda yeti in excellent condition (Skoda),2325000.0,12.0,1.8,1,72000.0,0,1,15
Bolero Double cab for sale (Mahindra),2350000.0,12.0,2500.0,2,14364.0,0,0,4
i20 Sportz 2010 for sale (Hyundai),1599000.0,14.0,1197.0,1,60500.0,0,0,15
Suzuki Omni Cargo Van 2012 Contact no. 9813293195 (Maruti Suzuki),420000.0,18.0,800.0,1,57456.0,1,0,13
"Hyundai i10 2011 model, Good condition (Hyundai)",1500000.0,15.0,1200.0,1,45400.0,0,0,14
Kia seltos HTX IVT Automatic transmission (Kia),5800000.0,14.0,1600.0,1,8000.0,1,0,4
Fresh eco van ungent sale (Maruti Suzuki),2075000.0,15.0,1200.0,1,31000.0,0,0,4
car on sale (Mahindra),2975000.0,16.0,2179.0,2,62370.0,0,0,9
Ssangyong TIVOLI 2019 (1600 CC) (Ssangyong),3990000.0,14.0,1600.0,1,38000.0,1,0,6
Bus on sale tata 2010 kritipur to ratnapark root (Tata),700000.0,12.0,3500.0,2,67032.0,0,1,15
Suzuki Swift Zxi 2014 (Maruti Suzuki),2100000.0,18.0,1200.0,1,58000.0,0,0,11
tata mobil gadi on sell (Tata),350000.0,7.5,1948.0,2,35000.0,1,0,18
Van (Maruti Suzuki),400000.0,14.0,800.0,1,5500.0,1,0,11
fresh gadi kehi problem xaina 2010 model 950000 (Mahindra),950000.0,12.0,2500.0,2,67032.0,0,0,15
Fully Loaded Full Option Branded Car Opel Corsa (Other Brands),395900.0,15.0,1600.0,1,50000.0,0,0,25
Scorpio lx (Mahindra),2350000.0,15.0,2200.0,2,97500.0,0,0,11
Super Fresh High Copy Of Terios 2011 Zotye 1.6 ABS (Other Chinese Brands),1075900.0,15.0,1600.0,1,40000.0,0,0,14
FIAT AVVENTURA 1.4 DYNAMIC ON SALE (Fiat),1600000.0,12.0,1383.0,1,25125.0,0,0,10
Tata indica model 2007 500000 9860462630 (Tata),500000.0,17.0,1500.0,2,71000.0,0,0,18
Chevrolet Spark on Sale (Chevrolet),900000.0,18.0,995.0,1,30000.0,0,0,13
Well maintained Scorpio on sale (Mahindra),1720000.0,12.0,2400.0,2,100000.0,0,0,18
Hyundai i20 sportz 2010 urgent Sale (Hyundai),1500000.0,15.0,1198.0,1,43000.0,1,0,15
Santro Xing Car for sale (Hyundai),1050000.0,15.0,1086.0,1,86184.0,0,0,19
Toyota corolla /1975/ (Toyota),1800000.0,12.0,1200.0,1,95000.0,0,0,50
Suzuki Baleno Delta 2018 Model (Maruti Suzuki),2265000.0,16.0,1200.0,1,43000.0,0,0,7
I20 actives 2016 model on sell or xchange (Hyundai),2600000.0,15.0,1200.0,1,34000.0,0,0,9
kia sportage 2.0 korean (Kia),1450000.0,11.0,2000.0,2,95000.0,0,1,20
ecosport on sell (Ford),1900000.0,15.0,1000.0,1,52668.0,0,0,12
Toyota Corolla Lx 2009 Auto A/C 6 Airbag On Sale (Toyota),2350000.0,12.0,1600.0,1,55000.0,0,0,16
Skoda Rapid Model 2015 1600 Cc (Skoda),1600000.0,12.0,1600.0,1,65000.0,0,0,10
Santo xing on sale full option 2003 model on sale (Hyundai),800000.0,15.0,1086.0,1,90000.0,0,0,22
2002 model full option santro for sale (Hyundai),570000.0,14.0,1086.0,1,89.0,0,0,23
2001 model frees santro for sale (Hyundai),470000.0,14.0,1000.0,1,95.0,0,0,24
2021 model Sonet like new only 10000 KM run (Kia),3080000.0,12.0,1200.0,1,10000.0,0,0,4
Tata nexon EV (Tata),3850000.0,14.0,1200.0,3,9576.0,1,0,3
sale (Hyundai),1290000.0,12.0,1200.0,1,67000.0,0,0,17
Suzuki AStar zxi (Maruti Suzuki),1125000.0,19.5,1000.0,1,72000.0,1,0,15
Hyundai Santro Xing Xo 2005 (Hyundai),950000.0,15.0,1086.0,1,90972.0,0,0,20
Hyundai Santro Gls Plus 2013 (Hyundai),1490000.0,15.0,1086.0,1,40000.0,0,0,12
Maruti Suzuki Baleno Delta 2016 (Maruti Suzuki),2075000.0,15.0,1197.0,1,39000.0,0,0,9
Maruti Suzuki Zen Estilo Vxi 2010 (Maruti Suzuki),1075000.0,15.0,996.0,1,61477.0,0,0,15
2010 Maruti Suzuki (Maruti Suzuki),1300000.0,14.0,1200.0,1,67032.0,0,0,15
Cargo maruti (Maruti Suzuki),500000.0,15.0,800.0,1,40000.0,0,1,10
"2015 model swift zxi singlehanded sale,exng bike (Maruti Suzuki)",2250000.0,15.0,1200.0,1,46000.0,0,0,10
FINANCE PANI Hatti Gadi Urgent Sell 9849193421 (Tata),1100000.0,16.0,1405.0,2,95000.0,0,1,7
Hyundai i20 asta 2010 (Hyundai),1525000.0,15.0,1198.0,1,67032.0,0,0,15
Nissan Magnite XV Dual (Nissan),4034000.0,15.0,999.0,1,4788.0,0,0,2
"2016 Swift Dezire Vxi Sale, Exchange, Finance (Maruti Suzuki)",2075000.0,16.0,1200.0,1,47000.0,0,0,9
santro xing (Hyundai),650000.0,15.0,1000.0,1,80000.0,0,0,24
GRAND I 10 Magna 1.2 (Hyundai),2550000.0,15.0,1196.0,1,17000.0,0,1,6
Puegot (Other Brands),500000.0,12.0,2800.0,1,90000.0,0,0,24
Volswagen CrossPolo (Volkswagen),2050000.0,14.0,1600.0,1,35000.0,0,0,10
Fiat Aventura (Fiat),1550000.0,13.0,1400.0,1,35000.0,0,0,10
Hyundai Creta Sx top variant (Hyundai),4575000.0,14.0,1500.0,1,38000.0,0,0,6
Ecosport ford Ambient (Ford),2250000.0,14.0,6000.0,1,50000.0,0,0,9
S Hyundai i20 Active (Hyundai),2865000.0,15.0,1197.0,1,35000.0,0,0,8
Top variant Hyundai i 20 Active (Hyundai),2900000.0,15.0,1200.0,1,38000.0,0,0,8
Chevrolet Optra (Chevrolet),1250000.0,14.0,1400.0,1,38000.0,0,0,13
Grand i10 Magna New shape (Hyundai),2300000.0,14.0,1200.0,1,27000.0,0,0,7
volswagen Tiguan (Volkswagen),3150000.0,10.0,2000.0,1,75000.0,0,0,15
Suzuki Breeza zxi plus (Maruti Suzuki),3975000.0,14.0,1300.0,1,30000.0,0,0,4
Hyundai i10Magna (Hyundai),1265000.0,15.0,1197.0,1,61000.0,0,0,16
Green Indica (Tata),395000.0,17.0,1400.0,2,75000.0,0,0,22
Tata Indica (Tata),390000.0,13.0,1400.0,1,90000.0,0,0,25
Bolero pickup Fully loaded (Mahindra),1550000.0,13.0,2523.0,2,45000.0,0,1,9
Ford Ecosport Titanium push bottom (Ford),2425000.0,13.0,1500.0,1,38000.0,0,0,9
Hyundai I20 Elite Asta (Hyundai),2275000.0,14.0,1200.0,1,40000.0,0,0,10
Nissan March (Nissan),1525000.0,14.0,1197.0,1,38000.0,0,0,11
Suzuki Swift VXI 2009 for sale (Maruti Suzuki),1399000.0,14.0,1300.0,1,52000.0,0,0,16
Diahatsu Sirion (Daihatsu),875000.0,14.0,1000.0,1,61000.0,0,0,18
Hyyundai Tucson (Hyundai),2150000.0,13.0,2000.0,2,78000.0,0,1,18
Suzuki cargo van (Maruti Suzuki),540000.0,14.0,800.0,1,180000.0,0,0,11
Toyota Yaris silver colour one hand 2007 (Toyota),1400000.0,14.0,1400.0,1,100000.0,1,0,18
Suzuki Swift Dezire New Shape (Maruti Suzuki),2190000.0,14.0,1197.0,1,38000.0,0,0,8
wagon r (Maruti Suzuki),1375000.0,16.0,1000.0,1,28000.0,0,0,11
Grand i10 Asta 2014 (Hyundai),2125000.0,15.0,1197.0,1,48000.0,0,0,11
Ford Fiesta Classic (Ford),1150000.0,16.0,1400.0,2,70.0,0,0,11
Toyota fortuner 2015 model (Toyota),9700000.0,12.0,3000.0,2,43092.0,0,1,10
Honda brio smt 2012 model seal pack engine (Honda),1350000.0,14.0,1200.0,1,59000.0,0,0,13
Mazda 2 (Mazda),1625000.0,14.0,1500.0,1,61000.0,0,0,15
Grand Vitara 2007 model (Maruti Suzuki),1950000.0,14.0,1200.0,1,81396.0,0,1,18
Polo 1.6 2013 Highline (Volkswagen),1725000.0,14.0,1200.0,1,62000.0,0,0,12
Mahindra E2o Electric Car (Mahindra),1375000.0,14.0,1200.0,3,38304.0,1,0,9
swift vxi 2012 mode is for sale (Maruti Suzuki),1675000.0,15.0,1200.0,1,52000.0,0,0,13
Second hand Bolt XM (Tata),1999999.0,17.0,1200.0,1,50000.0,0,0,8
Suzuki car (Maruti Suzuki),750000.0,15.0,800.0,1,76608.0,0,0,17
सबै भन्दा सस्तो मूल्यमा indigo 2010 full option (Tata),795000.0,18.0,1405.0,2,64000.0,0,0,15
2021 model Hyundai Venue-S 9847699255 (Hyundai),3650000.0,15.0,1200.0,1,21000.0,0,0,4
KIA SELTOS HTK+2020 (Kia),4275000.0,16.0,1500.0,1,28500.0,0,0,5
Magnite like new (Nissan),2450000.0,15.0,1000.0,1,5600.0,0,0,4
Second hand swift zxi (Maruti Suzuki),1900000.0,18.0,1200.0,1,45000.0,1,0,12
Hyundai Creta E+ On Sale (Hyundai),3950000.0,14.0,1600.0,1,20000.0,0,0,6
Maruti Suzuki Celerio Auto Gear On Sale (Maruti Suzuki),1850000.0,12.0,1000.0,1,40000.0,1,0,11
Second hand Nexon (Tata),3400000.0,18.0,1500.0,2,40000.0,1,0,7
Hyundai Santro On Sale (Hyundai),1100000.0,15.0,1000.0,1,60000.0,0,1,18
Hyundai I20 Active S On Sale (Hyundai),2850000.0,15.0,1200.0,1,50000.0,0,0,8
2010 model Tata Safari VX 7 sitter 4wd 9847699255 (Tata),1175000.0,12.0,2169.0,2,70000.0,0,1,15
Mahindra Scorpio S4 On Sale (Mahindra),3150000.0,12.0,2200.0,2,50000.0,0,0,9
Full option Ford Ecosport for Sale (Ford),2299000.0,15.0,1499.0,2,50000.0,0,0,10
Airport Pick-up & Drop (Maruti Suzuki),1500000.0,15.0,1100.0,1,43092.0,0,0,10
VW Taigun for sale (Volkswagen),6200000.0,14.0,1200.0,1,17000.0,1,0,4
Volkswagen Touareg 2010 (Volkswagen),6200000.0,12.0,2967.0,2,98000.0,1,1,15
Hyundai Creta 1.6 Gasoline Sx for sale (Hyundai),5500000.0,14.0,1591.0,1,30000.0,0,0,6
Renault duster (rxl) (Renault),2400000.0,12.0,1596.0,1,36000.0,0,0,9
Ufo jonway chinese (Other Chinese Brands),1050000.0,10.0,1596.0,1,65000.0,0,0,15
santro 2003 (Hyundai),650000.0,15.0,1000.0,1,100548.0,0,0,22
Hyundai I20 Asta Diesel engine CRDI (Hyundai),1375000.0,17.0,1400.0,2,47000.0,0,0,15
SUPER FRESH CONDITION SUZUKI SWIFT DEZIRE ON SALE (Maruti Suzuki),1185000.0,15.0,1300.0,1,45000.0,0,0,16
Tata Ace Ht 2017 (Tata),630000.0,15.0,702.0,2,5900.0,1,0,8
Maruti Suzuki Eeco Van 5seater With AC 2017 Model (Maruti Suzuki),1475000.0,15.0,1196.0,1,38300.0,0,0,8
maruti suzuki brezza vxi 2021 (Maruti Suzuki),4050000.0,19.5,1500.0,1,17000.0,0,0,4
Kia Sportage single hand with multiple airbag (Kia),5700000.0,12.0,2500.0,2,36200.0,0,1,9
maruti Suzuki Eeco van with AC (5seater) (Maruti Suzuki),1475000.0,15.0,1196.0,1,38300.0,0,0,8
Mahindra Scorpio S4 plus 2016 single hand (Mahindra),3300000.0,10.0,2000.0,1,56000.0,0,0,9
Hyundai Kona Electric 150kW (Hyundai),6500000.0,14.0,1200.0,3,20000.0,1,0,5
Fresh Condition Suzuki Swift Vxi 2009 Model onsale (Maruti Suzuki),1350000.0,13.0,1298.0,1,64000.0,0,0,16
Hyundai tucson (Hyundai),2350000.0,12.0,2000.0,2,73000.0,0,1,16
Fresh Condition I10 Magna 1.2 2013 Model For Sell (Hyundai),1700000.0,14.0,1200.0,1,62000.0,0,0,12
Urgent Sale Tata xenon Doible cabin 4 WD 2015 (Tata),1400000.0,12.0,2200.0,2,130000.0,0,1,10
Hyundai Creta 2022 model (Hyundai),4800000.0,14.0,1200.0,2,9576.0,0,0,3
hilux on sale (Toyota),7600000.0,15.0,2700.0,1,65000.0,1,1,8
suzuki brezza zdi+ (Maruti Suzuki),3100000.0,18.0,1248.0,2,56000.0,0,0,8
Tata Sumo Victa 2008 (Tata),975000.0,12.0,1948.0,2,56000.0,0,0,17
I10 Magna 2009 ( 9851008482) (Hyundai),1350000.0,15.0,1197.0,1,71820.0,0,0,16
Eicher terra 16xp tipper sasto ma bikrima (Eicher),3700000.0,12.0,4898.0,2,3700.0,0,0,4
suzuki alto (Maruti Suzuki),699000.0,15.0,800.0,1,81396.0,1,0,18
Tata indica 500000 9860462630 (Tata),500000.0,14.0,1500.0,1,20.0,1,0,18
Swift Dzire 2010 Model (Maruti Suzuki),1400000.0,15.0,1300.0,1,61000.0,0,0,15
Ufo jeep for sale (Other Chinese Brands),1500000.0,14.0,1600.0,1,86000.0,0,0,15
Excellent Condition Maruti Suzuki Alto 800 On Sale,1250000.0,15.0,800.0,1,40352.0,0,0,10
omni cargo van 2012 for sale (Maruti Suzuki),525000.0,10.0,800.0,1,8200.0,0,0,13
good condition somu gold ex 2016 ko fresh xa (Tata),1500000.0,14.0,2900.0,2,80000.0,0,0,9
good condition bolero dubele cap 4×4 (Mahindra),1750000.0,12.0,2523.0,2,60000.0,0,1,7
Double Cabin bolero on Sell with full condition (Mahindra),1350000.0,14.0,1200.0,2,47880.0,1,1,11
Like New 2021 Suzuki Wagon R up for sale (Maruti Suzuki),2275000.0,15.0,1000.0,1,15000.0,0,0,4
Hyundai I 10 Megna car On sell. (Hyundai),1325000.0,15.0,1200.0,1,70000.0,1,0,16
Swift Zxi 2015 Model With Push Bottom On Sale (Maruti Suzuki),2149999.0,16.0,1200.0,1,41100.0,0,0,10
2017 model bolero flat body sale or exng with car (Mahindra),1450000.0,12.0,2500.0,1,53000.0,0,0,8
Maruti Suzuki Alto (Maruti Suzuki),1100000.0,17.0,1000.0,1,58000.0,0,0,14
Honda City Zxi (Honda),1100000.0,14.0,1500.0,1,75000.0,0,0,18
Nissan Patrol Automatic (Nissan),11500000.0,12.0,3000.0,2,47880.0,1,1,11
Hyundai i20 Active (Hyundai),2500000.0,15.0,1200.0,1,81000.0,0,0,9
Daihatsu terios 2014 model for sale (Daihatsu),4300000.0,14.0,1500.0,1,59000.0,0,1,11
Santro For Sale (Hyundai),1150000.0,13.0,1096.0,1,57000.0,0,0,18
2007 model maruti sujuki 800 car (Maruti Suzuki),515000.0,19.0,796.0,1,81396.0,1,0,18
2002 model maruti 800 car (Maruti Suzuki),365000.0,18.0,796.0,1,56000.0,1,0,23
Cargo Van (Maruti Suzuki),350000.0,10.0,800.0,1,80000.0,1,0,15
Crane (Other Brands),2500000.0,14.0,1200.0,1,67032.0,0,0,15
Swift Vxi 2009 (Maruti Suzuki),1385000.0,14.0,1300.0,1,76500.0,0,0,16
Tata Ace xL (Tata),950000.0,15.0,700.0,2,28250.0,0,0,5
MG ZS EV 2021 model (Other Brands),5100000.0,14.0,1200.0,3,14364.0,1,0,4
Jimny Suv (Maruti Suzuki),1700000.0,18.0,1200.0,1,98000.0,0,1,27
Santro (Hyundai),2225000.0,15.0,1086.0,1,15000.0,0,0,4
Hyundai i20 Asta 1.4 Automatic for Sale!!! (Hyundai),1800000.0,14.0,1400.0,1,76342.0,1,0,15
Hyundai Santro Era 2021(9851008482) (Hyundai),2225000.0,15.0,1100.0,1,15000.0,0,0,4
Hyundai Santro 2014 Silver (Hyundai),1600000.0,14.0,1186.0,1,35000.0,0,0,11
For Sale (Eicher),650000.0,14.0,1200.0,2,43092.0,1,1,10
nissan supersaloon sedan car (Nissan),1250000.0,13.0,1596.0,1,69000.0,0,0,19
Swift Zxi 2016 (Maruti Suzuki),2260000.0,15.0,1200.0,1,42000.0,0,0,9
2011 BOLERO DOUBLE CAB 4WD (Mahindra),950000.0,12.0,2523.0,2,77000.0,0,1,14
Single Hand 2015 Swift dzire zxi (Maruti Suzuki),2100000.0,14.0,1197.0,1,47000.0,0,0,10
Single hand 2010 i20 asta (Hyundai),1575000.0,13.0,1197.0,1,58000.0,0,0,15
Modified Small Hatchback Daihatshu cuore! (Daihatsu),575000.0,12.0,850.0,1,98521.0,0,0,28
14 model Bolero is in sale (Mahindra),1050000.0,10.0,2900.0,2,180000.0,0,0,11
Ecosport Signature 2018(9851008482) (Ford),3550000.0,14.0,1500.0,1,28728.0,0,0,7
Tata Zest 2017 (Tata),2400000.0,15.0,1200.0,1,29000.0,0,0,8
Hyundai eon era+ (Hyundai),1075000.0,19.5,814.0,1,45000.0,0,0,12
Scorpio S4 Urgently Sell Ma (Mahindra),2650000.0,15.0,2179.0,2,155000.0,1,0,10
Ford Figo Titanium 2013 (Ford),1200000.0,15.0,1200.0,1,56000.0,0,0,12
Automatic Suzuki celerio on sale (Maruti Suzuki),1800000.0,15.0,1000.0,1,47880.0,1,0,11
Santro 2010 Fresh (Hyundai),1300000.0,12.0,1100.0,1,75000.0,0,0,15
Toyota Pickup (Toyota),875000.0,12.0,2800.0,2,117000.0,1,1,28
santro bikrima (Hyundai),1025000.0,18.0,1100.0,1,100000.0,0,0,19
Suzuki Swift 2007 (Maruti Suzuki),1100000.0,14.0,1300.0,1,72256.0,0,0,8
scorpio2015 (Mahindra),1700000.0,14.0,1200.0,2,43092.0,1,1,10
2014 modal ko mahendra sell (Mahindra),895000.0,14.0,5223.0,2,9800.0,1,0,11
Hyundai i10 magna 1200 cc on sell (Hyundai),1275000.0,14.0,1200.0,1,62000.0,0,0,17
Nexon ev xz+ (Tata),3600000.0,19.5,2425.0,3,25000.0,1,0,4
Alto taxi (Maruti Suzuki),2550000.0,15.0,800.0,1,28728.0,1,0,7
Santro full option (Hyundai),1035000.0,15.0,1086.0,1,68500.0,0,0,19
Ford freestyle titanium 2018 (Ford),2300000.0,16.0,1200.0,1,47000.0,1,0,7
"Fresh, single handed, driven by doctor i10 sportz (Hyundai)",1485000.0,14.0,1200.0,1,46374.0,0,0,15
KIA SPORTAG on sale (Kia),2000000.0,12.0,2000.0,2,54000.0,1,1,19
Hyundai tucson 1991 CC Fully loaded Four wheel 4×4 (Hyundai),2050000.0,16.0,1991.0,2,85000.0,1,1,16
Sonata (Hyundai),2700000.0,10.0,2000.0,1,50000.0,0,0,15
Kia Niro Ev (Kia),5500000.0,14.0,1200.0,3,46000.0,1,0,6
Scorpio Pick Up 2016 4wd,2300000.0,18.0,2500.0,2,60965.0,0,1,9
isuzu v-cross (Other Brands),4499999.0,12.0,2499.0,2,56000.0,0,1,8
Ford Ecosport (Ford),1770000.0,14.0,1500.0,1,75000.0,0,0,10
Land cruiser Prado vx 2017 model (Toyota),24000000.0,12.0,3000.0,2,78564.0,1,1,8
2003 model ko Omni seater van on sale (Maruti Suzuki),400000.0,14.0,796.0,1,70000.0,1,0,22
Toyota Corolla LX exceptional condition for sale (Toyota),2050000.0,14.0,1200.0,1,77000.0,0,0,16
Excellent 2012 ford Figo with 50 percent finance (Ford),985000.0,12.0,1200.0,1,52000.0,0,0,13
Ford EcoSport wanted (Ford),1800000.0,14.0,1200.0,1,50000.0,0,0,9
Excellent Singlehand 2016 breeza (Maruti Suzuki),2490000.0,18.0,1300.0,1,47000.0,0,0,9
Taxi 2004 For Sale (Maruti Suzuki),699000.0,19.5,800.0,1,69000.0,0,0,21
Excellent Condition Suzuki Swift Vxi 2009 on sale (Maruti Suzuki),1375000.0,13.0,1298.0,1,71820.0,0,0,16
Santro 2003 Model (Hyundai),775000.0,15.0,1100.0,1,80000.0,0,0,22
Ford Eco Sport on sale (Ford),2150000.0,14.0,1500.0,1,42000.0,1,0,10
Need Hyundai i10 (Hyundai),1400000.0,14.0,1200.0,1,57456.0,1,0,13
i20 2016 urgent sale (Hyundai),2400000.0,15.0,1200.0,1,30000.0,0,0,9
"urgent sell,9844502651.9813628286 (Mahindra)",1500000.0,19.5,1200.0,2,19152.0,1,1,5
urjent (Tata),1050000.0,18.0,800.0,2,30000.0,1,0,4
Hyundai I10 magna 2014 (Hyundai),1750000.0,14.0,1200.0,1,47880.0,0,0,11
I20 Magna (Hyundai),1450000.0,12.0,1200.0,1,53000.0,0,0,15
Isuzu higher lander truck (Other Brands),4500000.0,11.0,2500.0,2,55000.0,0,1,5
car (Chevrolet),575000.0,15.0,1000.0,1,25000.0,0,0,13
yodha ba 18 cha 2125 (Tata),900000.0,10.0,2900.0,2,180000.0,0,0,8
6 lakh good condition all tyre new (Kia),600000.0,14.0,1300.0,1,45000.0,1,0,21
Ssangyong Rexton Automatic 4WD (Ssangyong),11000000.0,12.0,2157.0,2,35000.0,1,1,8
Nissan micra 2017 is on sale (Nissan),1450000.0,12.0,1200.0,1,40000.0,0,0,8
Ecosport Titanium Full Option 2021 Ford (Ford),3450000.0,16.0,1497.0,1,30000.0,0,0,4
Ford Figo (Ford),1600000.0,12.0,1656.0,2,70000.0,0,1,8
Celerio X ZXI 2018 Maruti Suzuki (Maruti Suzuki),2150000.0,19.5,998.0,1,38000.0,1,1,7
2008 MODEL TOYOTA PRADO JEEP ON SALE (Toyota),7000000.0,7.5,3000.0,2,110000.0,0,1,17
Kia Sportage 2010 AWD for sell (Kia),2450000.0,10.0,1998.0,1,56000.0,1,1,15
Bolero (Tata),1600000.0,12.0,2523.0,2,38304.0,0,1,9
Honda Amaze 1.2 SMT 2014 (Honda),1775000.0,15.0,1200.0,1,57000.0,0,0,11
Nissan Sunny FE 1998 (Diesel) (Nissan),425000.0,12.0,2000.0,2,117000.0,0,0,27
2014 model single hand alto car (Maruti Suzuki),1250000.0,17.0,800.0,1,23000.0,0,0,11
Swift VXI 2016 (Maruti Suzuki),2000000.0,15.0,1200.0,1,49000.0,0,0,9
Land Cruiser Prado 1998 On Sale (Toyota),3400000.0,10.0,2800.0,2,146000.0,0,1,27
Hyundai Creta S 2015 (Hyundai),2950000.0,14.0,1600.0,1,43092.0,0,0,10
Urgent Sale (Safari) (Tata),850000.0,12.0,2950.0,2,1500.0,1,0,19
Second hand isuzu Dmax (Other Brands),1500000.0,12.0,2999.0,2,35000.0,0,0,7
Second hand car (Tata),1300000.0,17.0,1248.0,2,50000.0,0,0,11
brand new suzuki ignis 2022 (Maruti Suzuki),3474000.0,17.0,1197.0,1,315.0,0,0,3
urjent sale (Hyundai),1125000.0,14.0,1086.0,1,76009.0,1,0,17
Sale of Car (Datsun),1500000.0,15.0,1200.0,1,14000.0,0,0,8
BMW 318i 2003 Model with Automatic Gear (Other Brands),4500000.0,10.0,2000.0,1,62000.0,1,0,22
Nissan Super Saloon 2007 Model (Nissan),1250000.0,14.0,1500.0,1,90000.0,0,0,18
Ford Endeavour 2016 Model with Automatic Gear (Ford),8300000.0,12.0,3200.0,2,73000.0,1,1,9
Tata ALTROZ top verient (Tata),2900000.0,16.0,1200.0,1,13000.0,0,0,4
venue (Hyundai),3100000.0,19.5,1200.0,1,6700.0,0,0,5
toyota lx 2008 (Toyota),1950000.0,11.0,1600.0,1,71000.0,0,0,17
Hundai tucson 2009 on sell (Hyundai),2100000.0,12.0,2000.0,2,90000.0,0,1,16
Kia Hiace for sale. (Kia),1400000.0,12.0,2600.0,2,114000.0,0,0,14
suzuki (Maruti Suzuki),860000.0,17.0,800.0,1,67.0,0,0,16
Hyundai I10 for sale (Hyundai),1850000.0,15.0,1100.0,1,19800.0,0,0,10
Santro Xing 10 model Gandaki Zone (Hyundai),1165000.0,19.5,1075.0,1,50000.0,0,0,15
Santro Xing 2007 full option (Hyundai),950000.0,18.0,1047.0,1,67000.0,0,0,18
VW POLO 1.6 (Volkswagen),2200000.0,15.0,1600.0,1,47000.0,0,0,11
Maruti 2019cargo van (Maruti Suzuki),685000.0,12.0,800.0,1,23940.0,1,0,6
Cheverolet spark (american brand) (Chevrolet),725000.0,15.0,995.0,1,63000.0,0,0,16
Creta XsO CVT auto top 2021 (Hyundai),6650000.0,13.0,1499.0,1,17000.0,1,0,4
"VOLKSWAGEN POLO 1.6 , 2014 model, Hatchback (Volkswagen)",2000000.0,14.0,1600.0,1,21000.0,0,0,11
Baleno Zeta 2016 Bagmati (Maruti Suzuki),2250000.0,15.0,1200.0,1,59000.0,0,0,9
Excellent Condition Alto 800 Lxi 2015 For Sell (Maruti Suzuki),1250000.0,18.0,800.0,1,40000.0,0,0,10
omni cargo (Maruti Suzuki),635000.0,14.0,1200.0,1,28728.0,0,0,7
Car (Other Chinese Brands),1000000.0,14.0,1300.0,1,20000.0,0,0,17
chevrolet aveo luxurious car for sale (Chevrolet),1050000.0,11.0,1600.0,1,68000.0,0,1,17
volkswagen polo highline 1.6 2013 (Volkswagen),1675000.0,14.0,1600.0,1,52668.0,0,0,12
Like a new MG zs (EV) 110 kw (Other Brands),5500000.0,19.5,2667.5,3,20000.0,1,0,4
Sell or exchange (Ford),1975000.0,15.0,1500.0,1,31000.0,0,0,12
car on sale (Mitsubishi),2250000.0,12.0,2495.0,2,81396.0,0,1,18
Tucson 2009 model URGENT sale (Hyundai),2300000.0,12.0,1997.0,2,67000.0,0,1,16
Mahindra Scorpio S5 4WD (Mahindra),3900000.0,14.0,2179.0,2,70.0,0,1,8
Hyundai Elantra 2011 Model (Hyundai),3000000.0,14.0,1600.0,1,65000.0,0,0,14
kia rio fully fresh (Kia),875000.0,11.0,1400.0,1,68000.0,0,0,18
car (Maruti Suzuki),1300000.0,13.0,1200.0,1,68000.0,0,0,15
Suzuki WagonR 2016 vxi single hand excellent condi (Maruti Suzuki),1650000.0,14.0,1000.0,1,37000.0,0,0,9
Suzuki swift 2021 Zxi+ top option single hand (Maruti Suzuki),2850000.0,14.0,1200.0,1,22000.0,0,0,4
Brand New Brezza 2023 Model (Maruti Suzuki),5299000.0,19.0,1462.0,4,4788.0,0,0,2
ford ecosport 2014 automatic (Ford),2450000.0,14.0,1200.0,1,44000.0,1,0,11
Hyundai Tucson On Sale (Hyundai),2150000.0,12.0,2000.0,2,65000.0,1,1,17
Maruti Suzuki Swift ZXI (Maruti Suzuki),2625000.0,15.0,1200.0,1,33598.0,0,0,7
Polo on sale (Volkswagen),2350000.0,10.0,1699.0,1,47000.0,0,0,9
Volkswagen Polo 1.2 Trendline 2012 Model (Volkswagen),1400000.0,14.0,1200.0,1,57456.0,0,0,13
Suzuki Wagon R on sales (Maruti Suzuki),1100000.0,15.0,1061.0,1,49565.0,0,0,15
Eco cargo van: model 2019 (Maruti Suzuki),1250000.0,15.0,1196.0,1,23940.0,0,0,6
Hyundai Creta 2016 (Hyundai),3200000.0,14.0,1499.0,1,21500.0,0,0,9
Scorpio s4 2016 model (Mahindra),3100000.0,12.0,2200.0,2,38304.0,0,0,9
Grand i10 Asta 2014 (Hyundai),2090000.0,15.0,1197.0,1,42000.0,0,0,11
I10 Megna 2013 red color (Hyundai),1600000.0,13.0,1200.0,1,62000.0,0,0,12
hyundai i 20active s 2016 on cell. (Hyundai),2499000.0,15.0,1200.0,1,38304.0,0,0,9
Kia sonet (Kia),3230000.0,14.0,1200.0,1,8500.0,0,0,4
kia Picanto Ex 2010 (Kia),1175000.0,15.0,1086.0,1,50000.0,0,0,15
Grand i10 Magna 2015 (Hyundai),2050000.0,15.0,1197.0,1,39000.0,0,0,10
Nissan kicks 2021 model (Nissan),4100000.0,14.0,1600.0,1,32000.0,0,0,4
"2005 model kia picanto fulloption sale,exng bikes (Kia)",795000.0,15.0,1000.0,1,65000.0,0,0,20
Brezza ZXI 2019 (Maruti Suzuki),3500000.0,14.0,1200.0,1,17000.0,0,0,6
Hyundai grand i10 nios 2021 (Hyundai),2950000.0,13.0,1200.0,1,6000.0,0,0,4
2008 model kia sorento fully loaded sale ot exng (Kia),2050000.0,12.0,2500.0,2,65000.0,0,1,17
maruti van (Maruti Suzuki),690000.0,15.0,800.0,1,65000.0,1,0,13
sell for mahindra pick-up bullero 1300000 (Mahindra),1300000.0,18.0,1600.0,2,81000.0,0,0,12
"Datsun Redi Go, 2016 (Datsun)",1150000.0,19.5,800.0,1,17000.0,0,0,9
Vitara brezza 2023 booking open😍 (Maruti Suzuki),5299000.0,19.0,1462.0,4,314.0,0,0,2
Nissan Magnite 2021 Urgent sale (Nissan),2700000.0,17.5,1000.0,1,16000.0,1,0,4
Sale or Exchange: Volkswagen Cross Polo 1.6 (Volkswagen),2600000.0,14.0,1600.0,1,23000.0,0,0,9
Ford Ranger XL 3.2c 2017 Model Single Hand On Sale (Ford),5500000.0,11.0,3200.0,2,61000.0,0,1,8
hyundai creta 2018 on sale (Hyundai),3775000.0,14.0,1500.0,1,35000.0,0,0,7
Maruti Suzuki alto k10 vxi. (Maruti Suzuki),1450000.0,19.0,998.0,1,45000.0,1,0,9
Tata zest XT 2015 model 1200 cc (Tata),2500000.0,15.0,1200.0,1,43092.0,0,0,10
Fiat Punto Dynamic 2013 for Sale (Fiat),1100000.0,18.0,1248.0,2,69500.0,0,0,12
"I10 Sportz Grey ,2011 Model 2 Hand , 52000 Km Run (Hyundai)",1580000.0,16.0,1197.0,1,52000.0,0,0,14
omni van 8 seater 2016 single hand (Maruti Suzuki),850000.0,16.0,800.0,1,34000.0,1,0,9
mahindra supro t4 (Mahindra),750000.0,13.0,1000.0,2,75000.0,1,0,7
i 10 sale 9813637744 fullopson grey ktm rs 1445/- (Hyundai),1445000.0,18.0,1200.0,1,51700.0,0,0,14
Car (Toyota),2500000.0,14.0,1200.0,1,70000.0,0,0,14
SWIFT ZXI 2014 On Urgent Sale (Maruti Suzuki),1850000.0,15.0,1197.0,1,47880.0,0,0,11
Hyundai Creta 2021 sx ivt top model (Hyundai),6500000.0,15.0,1500.0,1,6000.0,1,0,4
skoda laura 2011 (Skoda),1525000.0,10.0,1896.0,2,70000.0,0,0,14
Hyundai i10 magna (Hyundai),1500000.0,15.0,1086.0,1,62244.0,1,0,14
MG ZS EV 2021 model (Other Brands),5400000.0,14.0,1200.0,3,14364.0,1,0,4
Hyundia I 10 magna (Hyundai),1700000.0,15.0,1197.0,1,48000.0,1,0,13
Grand i10 Sportz on Sale (Hyundai),2475000.0,16.0,1200.0,1,36500.0,0,0,7
Ford EcoSport Titanium 2015 Model (Ford),2200000.0,14.0,1200.0,1,43092.0,0,0,10
Hyundai Tucson 2009 model (Hyundai),2000000.0,14.0,1200.0,2,71820.0,0,1,16
Maruti Omni Van 2018 (Maruti Suzuki),920000.0,13.0,796.0,1,35000.0,1,0,7
Toyota Etios V (Toyota),1700000.0,14.0,1500.0,1,52000.0,0,0,11
Zen Stailo Vxi 2010 (Maruti Suzuki),1025000.0,15.0,996.0,1,51000.0,0,0,15
Brezza on sale (Maruti Suzuki),4200000.0,14.0,1500.0,1,16000.0,0,0,4
TOYOTA YARIS MADE IN JAPAN (Toyota),1599000.0,15.0,1496.0,1,81396.0,0,0,18
Suzuki Swift VXI 2013 (Maruti Suzuki),1700000.0,15.0,1200.0,1,52668.0,0,0,12
Mahindra kuv100 k6 (Mahindra),1750000.0,16.0,1000.0,1,44532.0,0,0,9
Datsun Go (Datsun),1100000.0,14.0,1200.0,1,65000.0,1,0,11
Suzuki baleno 2017 (Maruti Suzuki),2050000.0,14.0,1200.0,1,45000.0,0,0,8
Kia Picanto 2006 (Kia),950000.0,12.0,1086.0,2,72000.0,0,0,19
Suzuki (Maruti Suzuki),520000.0,16.0,1061.0,1,75.0,0,0,24
Vw Vento 1.6L Highline Plus 2013 Exchange Also (Volkswagen),1775000.0,14.0,1600.0,1,53500.0,0,0,12
Mahindra Scorpio S6 plus 2017 (Mahindra),3400000.0,12.0,2200.0,2,33516.0,0,0,8
"Kia Sonet , Kiasonet Car SUV (Kia)",3125000.0,15.0,1200.0,1,42000.0,0,0,4
Bolero single cab mahindra sell (Mahindra),1200000.0,14.0,1200.0,2,100000.0,1,0,9
Ford Aspire 2015 (Ford),1575000.0,13.0,1196.0,1,180000.0,0,0,10
Hyundai Creta SXO 2019 model (Hyundai),5150000.0,14.0,1200.0,1,23940.0,0,0,6
Ford Freestyle 2020 model (Ford),2450000.0,14.0,1200.0,1,19152.0,0,0,5
Hyundai Santro Xing 2010 model (Hyundai),1150000.0,14.0,1200.0,1,67032.0,0,0,15
Maruti zen (Maruti Suzuki),335000.0,14.0,1200.0,1,114912.0,0,0,25
Volkswagen Vento TSl AT Sales & exchange offer (Volkswagen),5240000.0,14.0,1200.0,1,14364.0,1,0,4
TATA TIGOR XZ+ (Tata),1999000.0,19.5,1199.0,1,33516.0,0,0,8
Isuzu Dmax Vcross (Other Brands),5200000.0,12.0,2499.0,2,60000.0,0,1,8
Hyundai i20 Active S|2017| Urgent sale| Full fresh (Hyundai),2725000.0,14.0,1200.0,1,30000.0,0,0,8
Hyundai Xcent Sx O 2014 (Hyundai),2050000.0,15.0,1196.0,1,54383.0,0,0,11
Maruti suzuki wagoner 2015 (Maruti Suzuki),1455000.0,15.0,1000.0,1,52000.0,0,0,10
Maruti Suzuki swift dzire 2009 ON SALE (Maruti Suzuki),1170000.0,15.0,1200.0,1,85000.0,1,0,16
TATA 1109 (Tata),2799000.0,12.0,3700.0,2,90000.0,0,0,7
Bolero pick up (Mahindra),1800000.0,14.0,1200.0,2,90000.0,1,1,7
Kia on sales (Kia),550000.0,10.0,1200.0,1,180000.0,1,0,21
गाडी बिक्रीमा (Mahindra),2100000.0,15.0,2200.0,2,64000.0,0,1,10
Scorpio S4+ (Mahindra),3850000.0,15.0,2200.0,2,5600.0,0,1,8
Hyundai Creta 2017 base model SingleHand For Sale (Hyundai),3285000.0,10.0,1600.0,1,49000.0,0,0,8
Single Hand Used Fully Loaded Family Car Swift VXI (Maruti Suzuki),1675900.0,18.0,1197.0,1,55000.0,0,0,13
"Volkswagen polo 1.6 2011 silver, fresh condition, (Volkswagen)",1500000.0,12.0,1600.0,1,55000.0,0,0,14
Car sell on urgent (Honda),1290000.0,13.0,1350.0,1,75000.0,0,1,18
PROTON WIRA (2003) (Other Brands),575000.0,14.0,1498.0,1,19000.0,0,0,22
picanto silver (Kia),1050000.0,15.0,1100.0,1,83000.0,0,0,16
Hyundai Creta SX+ 2017 Model Fulloptions On Sale (Hyundai),4100000.0,12.0,1500.0,1,41000.0,0,0,8
Ford figo titanium 2015 (Ford),1250000.0,15.0,1200.0,1,50000.0,1,0,10
Renault duster RXS 2018 (Renault),2500000.0,14.0,1500.0,1,50000.0,0,0,7
Urgent sell (Tata),950000.0,19.5,600.0,2,123.0,1,0,4
Picanto 2008 Silver full option (Kia),900000.0,14.0,1100.0,1,53000.0,0,0,17
2013 model ford figo singlehand sale or exng bikes (Ford),1250000.0,15.0,1200.0,1,43000.0,0,0,12
2019 Hyundai Grand i10 Sportz (Hyundai),2575000.0,15.0,1197.0,1,20000.0,0,0,6
Mahindra xuv 500 w10 2016 model for sale (Mahindra),3850000.0,12.0,2200.0,2,53000.0,0,1,9
Maruti Suzuki Alto 800 for sale (Maruti Suzuki),1500000.0,14.0,1200.0,1,19152.0,1,0,5
Grand I 10 Magna 1.2 (2019 Model) (Hyundai),2550000.0,16.0,1196.0,1,17000.0,0,0,6
sky vetor dozer on sale (Other Brands),4500000.0,14.0,1200.0,2,33516.0,0,1,8
TATA VISTA 2010 FOR SALE (Tata),700000.0,15.0,1300.0,1,84000.0,0,0,15
School bus sale (Other Brands),1050000.0,10.0,3200.0,2,60000.0,1,0,12
tata motors super ace (Tata),650000.0,12.0,1400.0,2,150.0,0,0,10
Mazda 3 (Mazda),1275000.0,14.0,1600.0,1,36000.0,0,0,20
toyota corolla old vintage 1975 car (Toyota),500000.0,15.0,1200.0,1,50000.0,0,1,50
"2006 model suzuki japanese vitara 4wd,fully loaded (Maruti Suzuki)",1950000.0,10.0,2000.0,1,75000.0,0,1,19
Urgent sale Maruti van 2018 Model good condition (Maruti Suzuki),700000.0,15.0,796.0,1,63000.0,1,1,7
SWIFT LXI 2005 (Urgent Sale ) All Tax cleared (Maruti Suzuki),899999.0,15.0,1200.0,1,70000.0,0,0,20
Hyundai creta sxo petrol 2019 (Hyundai),4850000.0,14.0,1598.0,1,41000.0,0,0,6
four sale swift zxi 2017 model (Maruti Suzuki),2250000.0,15.0,1200.0,1,35680.0,0,0,8
Japanese Model Mazda 3 On Sale Air Bag N Abs Fresh (Mazda),950000.0,10.0,1600.0,1,61000.0,0,0,21
pick up van bikrima (Maruti Suzuki),200000.0,16.0,800.0,1,20000.0,0,0,26
Brezza Zxi + petrol 2021 Single owner 9851138810 (Maruti Suzuki),3975000.0,15.0,1500.0,1,18500.0,0,0,4
Single hand Honda Jazz VMT Fully Loaded 2016 (Honda),2475000.0,12.0,1200.0,1,37000.0,0,0,9
Santro (Hyundai),1250000.0,13.0,1096.0,1,78000.0,0,0,16
sales (Mahindra),1200000.0,12.0,2523.0,2,127130.0,0,0,9
indica 2007 model DLE (Tata),500000.0,18.0,1400.0,2,53000.0,1,0,18
Hilux 2010 (Toyota),3500000.0,15.0,2500.0,2,100000.0,0,1,15
Car (Volkswagen),1490000.0,14.0,1600.0,1,38000.0,1,1,14
I10 on sale (Hyundai),1600000.0,14.0,1100.0,1,33000.0,0,0,13
Hyundai i20 active 2016 model in sell (Hyundai),2650000.0,15.0,1200.0,1,40000.0,0,0,9
Urgent sale Hundai i20 Active (Hyundai),2950000.0,12.0,1200.0,1,53000.0,1,0,10
Kia Sportage 2016 model single handed in sell (Kia),5700000.0,14.0,1200.0,2,38304.0,0,1,9
Nissan Datsun Redi Go Brand New Condition 5000k (Datsun),1750000.0,15.0,1000.0,1,5000.0,0,0,4
santro full option (Hyundai),1200000.0,12.0,1000.0,1,42000.0,1,0,20
Alto Taxi 2019 (Maruti Suzuki),280000.0,17.0,800.0,1,125000.0,0,0,6
Scorpio double cab 4wd (Mahindra),2575000.0,12.0,2200.0,2,88000.0,0,1,8
Kia picanto 2008 (Kia),880000.0,15.0,1086.0,1,70000.0,0,0,17
FULL FRESH FULLY LOADED HYUNDAI TUCSON ON SALE (Hyundai),1875000.0,17.0,2000.0,2,66000.0,0,1,17
Tucson for sale (Hyundai),1850000.0,15.0,2000.0,2,180000.0,0,1,18
Maruti Suzuki Swift 2015 Vxi Single Use For Sale (Maruti Suzuki),1875000.0,16.0,1200.0,1,48000.0,0,0,10
Honda City 2014 (Honda),2099000.0,12.0,1500.0,1,55000.0,0,0,11
hyundai eon (Hyundai),900000.0,14.0,814.0,1,40000.0,0,0,13
Hyundai i20 Asta Dual Tone (Hyundai),2700000.0,15.0,1200.0,1,33516.0,1,0,8
tipper (Tata),3800000.0,14.0,5883.0,2,50000.0,0,1,6
Maruti Suzuki Zen for sale ! (Maruti Suzuki),450000.0,17.0,993.0,1,27000.0,0,0,23
Maruti Suzuki Brezza Zdi plus 2018 (Maruti Suzuki),3200000.0,14.0,1400.0,2,43000.0,0,0,7
Suzuki Swift ZXI (Maruti Suzuki),2300000.0,15.3,1248.0,1,30000.0,0,0,9
I20 Sportz Brand New Car for sale. (Hyundai),3600000.0,19.5,1200.0,1,16000.0,0,0,4
Taxi on sell (Maruti Suzuki),211000.0,14.0,1200.0,1,43092.0,1,1,10
Renault Duster RXZ+ AWD 2017 DCI for Sale (Renault),3400000.0,12.0,1500.0,2,45000.0,1,1,8
Tata nano(Sky blue) (Tata),415000.0,17.0,624.0,1,32564.0,1,1,13
endeavor (Ford),11000000.0,12.0,3200.0,2,62000.0,1,1,9
maruti swift (Maruti Suzuki),2650000.0,19.0,1200.0,1,11000.0,0,0,5
Hyundai i10 Magna 2014 (Hyundai),1700000.0,15.0,1200.0,1,39000.0,0,0,11
DATSUN GO 1.2 2016 FOR SALE (Datsun),1325000.0,12.0,1200.0,1,39000.0,0,0,9
sell (Maruti Suzuki),3200000.0,14.0,1200.0,2,66000.0,0,0,7
Creta Sx + petrol for sale (Hyundai),3450000.0,12.0,1600.0,1,41000.0,0,0,9
Hyundai i20 Active S 2019 (Single Handed) (Hyundai),3200000.0,15.0,1400.0,1,39000.0,0,0,6
urgent sell (Tata),3600000.0,15.0,1200.0,1,36000.0,1,0,4
Suzuki Balena (2017) For Sale! (Maruti Suzuki),2400000.0,14.0,1200.0,1,33516.0,0,0,8
Mitsubishi L200 - 4WD Pickup - Hilux Model (Mitsubishi),2050000.0,8.0,2500.0,2,79000.0,0,1,18
Hyundai Tucson 2009 (Hyundai),2100000.0,12.0,1191.0,2,65000.0,0,1,16
Sell (Kia),2515000.0,10.0,2000.0,2,71000.0,0,1,16
Mahindra KUV 100 K8 (Mahindra),2250000.0,14.0,1198.0,1,35000.0,1,0,9
ford Figo titanium on sale (Ford),1000000.0,15.0,1200.0,1,80000.0,0,0,14
Hyundai Tucson ix35 4WD (Hyundai),3650000.0,12.0,1995.0,2,87000.0,0,1,14
Toyota Land Cruiser Prado Vx (Toyota),23500000.0,12.0,4461.0,2,85000.0,1,1,8
Ford Ranger Autogear 4wd 55 Lakh Bank Available (Ford),8800000.0,12.0,3200.0,2,17000.0,1,1,5
Volkswagen Tiguan Allspace for sale (Volkswagen),8700000.0,10.0,1984.0,1,50000.0,1,1,8
Fresh condition Toyota RAV4 (Toyota),3490000.0,12.0,2400.0,1,84000.0,1,1,15
Toyota RAV4 2013 Model (Toyota),6500000.0,12.0,2500.0,1,52668.0,0,1,12
urgent sale 9841395832 (Mahindra),750000.0,12.0,2600.0,2,9.0,0,0,10
Maruti Suzuki Swift Dzire Zxi 2015 (Maruti Suzuki),2150000.0,15.0,1197.0,1,40014.0,0,1,10
I10 sportz 1.2 for sale (Hyundai),1599999.0,13.0,1200.0,1,52000.0,0,0,14
Kiger On Sell (Renault),2500000.0,15.0,1000.0,1,18000.0,0,0,4
i10 Hyundai Magna - Silver (Hyundai),1500000.0,14.0,1200.0,1,58000.0,0,0,15
Single handed isuzu s-cab for sale (Other Brands),2975000.0,13.0,2500.0,2,30000.0,0,0,7
Ford Figo exi for sale (Ford),1225000.0,13.0,1200.0,1,4000.0,0,0,12
TOYOTA RAV4 FOR SALE (Toyota),3300000.0,12.0,2494.0,1,12000.0,1,1,10
"Toyota HILUX On Sale RS. 36,00,000 (Toyota)",3600000.0,12.0,2755.0,2,67032.0,0,1,15
Well Maintained Swift Dzire VXI 2012 for sell (Maruti Suzuki),1700000.0,13.0,1200.0,1,63000.0,0,0,13
vehicle available for sale (Other Brands),1500000.0,19.5,15.0,3,3000.0,0,0,3
Tata bus 1512 euro 3 jodi bus sasto ma (Tata),500000.0,14.0,6000.0,2,60000.0,0,1,9
KIA Sportage urgent sale (Kia),1875000.0,13.0,2000.0,2,68000.0,0,1,18
Hyundai Santafee (Hyundai),8000000.0,12.0,2199.0,2,57456.0,1,1,13
tata Indica (Tata),550000.0,14.0,1200.0,1,77000.0,0,0,18
Baleno (Maruti Suzuki),2150000.0,14.0,1200.0,1,57186.0,0,0,9
Tata sumo bikrima (Tata),1500000.0,12.0,2800.0,2,38304.0,0,0,9
tucson (Hyundai),1750000.0,12.0,1992.0,2,160000.0,1,1,19
Hyundai Santro GL plus 2011 Model (Hyundai),1400000.0,15.0,1086.0,1,97000.0,0,0,14
chevtolet (Chevrolet),835000.0,11.0,1400.0,1,70100.0,0,0,15
Single hand grand i10 magna 2018(airbag) on sale (Hyundai),2250000.0,15.0,1200.0,1,27000.0,0,0,7
Skoda fabia on sale (Skoda),1250000.0,15.0,1200.0,1,68000.0,0,0,13
Volkswagen Polo 1.6 Highline (Volkswagen),2100000.0,14.0,1600.0,1,49000.0,0,0,10
tata sumo gold ex 2014 (Tata),1250000.0,12.0,2956.0,2,47880.0,0,0,11
Mahindra scorpio pickup (Mahindra),2400000.0,12.0,2200.0,2,38304.0,0,1,9
Super Fresh Condition 2007 Model Toyota Hilux (Toyota),2695000.0,10.0,2500.0,2,80000.0,0,1,18
Toyota Hilux (Toyota),2695000.0,10.0,2500.0,2,80000.0,0,1,18
Japanese Sirion on Sale (Daihatsu),930000.0,15.0,1300.0,1,78000.0,0,0,18
Tata nexon xza + on sell (Tata),3700000.0,19.5,1200.0,1,5000.0,1,1,4
New Electric taxi booking open (Tata),4500000.0,14.0,1200.0,3,0.0,1,0,2
jamma 1350000 maa 15 ko tata sumo (Tata),1400000.0,14.0,1200.0,2,80000.0,1,0,10
Wagonr 2017 model vxi Car sale (Maruti Suzuki),1690000.0,17.0,999.0,1,31000.0,0,0,8
Hyundai Kona EV 2021 with only 10000 Km (Hyundai),5550000.0,14.0,1200.0,3,10000.0,1,0,4
KIA Sportage on Sale!! (Kia),990000.0,13.0,2200.0,2,143000.0,0,1,24
Hyundai i20 Magna 2013 (Hyundai),1735000.0,14.0,1197.0,1,44000.0,0,0,12
VOLKSWAGEN POLO GT TSI Autogear 2013 (Volkswagen),2450000.0,15.0,1200.0,1,35000.0,1,0,12
Single Handed Eeco 7 Seater 2018 For Sell,1700000.0,12.0,1200.0,1,41000.0,0,0,7
Toyata Rav4 Autogear 2008 Model On Sale Urgent (Toyota),3800000.0,12.0,2362.0,1,91000.0,1,1,17
Triber Renualt 2021 (Renault),2350000.0,16.0,999.0,1,14000.0,1,0,4
Fully fresh Hyundai grand i10 Magna (Hyundai),2225000.0,15.0,1197.0,1,33000.0,0,0,9
car on sale (Hyundai),1100000.0,15.0,1000.0,1,88000.0,0,0,17
Mitsubishi pajero 5 door for sale (Mitsubishi),12800000.0,12.0,3200.0,2,38304.0,1,1,9
grand vitara (Maruti Suzuki),7599000.0,19.5,1490.0,4,315.0,0,1,2
Hyundai Creta (Hyundai),3585000.0,14.0,1591.0,1,57000.0,0,1,10
Toyota Hilux (Toyota),7800000.0,12.0,2755.0,2,40000.0,0,1,7
Toyota Hilux (Toyota),7800000.0,12.0,2755.0,2,40000.0,0,1,7
tata winger school van (Tata),1000000.0,8.0,1900.0,2,82000.0,0,0,15
Toyota hilux (Toyota),7800000.0,12.0,2755.0,2,40000.0,0,1,7
Hyundai Creta (Hyundai),3590000.0,14.0,1591.0,1,57000.0,1,0,10
Hyundai Creta (Hyundai),3585000.0,14.0,1591.0,1,57000.0,0,0,10
2017 Hyundai Eon Era Plus (Hyundai),1350000.0,15.0,814.0,1,33000.0,0,0,18
Renault Kiger RXL MT Auto Gear (Renault),2785000.0,15.0,999.0,1,7000.0,1,0,4
SONET (KIA) (Kia),3200000.0,15.0,1200.0,1,11000.0,0,0,4
"comapany color, fully loaded, freshcreta sx plus (Hyundai)",3650000.0,12.0,1600.0,1,39243.0,0,0,9
Hyundai Creta E Premium Loaded - Petrol (Hyundai),5456000.0,14.0,1200.0,1,4788.0,0,0,2
Loan 15 lakh - 17 lakh cash buy this auto captiva (Chevrolet),1700000.0,14.0,1200.0,2,52668.0,1,1,12
Grand i10 Magna 2014 (Hyundai),1875000.0,15.0,1197.0,1,42000.0,0,1,11
polo 1.6 high-Line 2016 (Volkswagen),2450000.0,14.0,1600.0,1,49000.0,0,0,9
Tata nexon xm s (Tata),3650000.0,15.0,1200.0,1,17000.0,0,0,4
Hyundai getz (Hyundai),925000.0,14.0,1400.0,1,67000.0,0,0,17
nissan super saloon 2005 model on sale (Nissan),1100000.0,14.0,1600.0,1,100500.0,0,0,20
Excellent 9817874410 (Tata),1650000.0,14.0,2956.0,2,125000.0,1,0,11
Single hand 2018 model Isuzu S-Cab sales & Exchang (Other Brands),3050000.0,12.0,2499.0,2,28728.0,0,0,7
Toyota echo (Toyota),950000.0,14.0,1300.0,1,140000.0,0,0,22
Ecosport 2013 trend model (Ford),1775000.0,15.0,1200.0,2,54500.0,0,0,12
scorpio m2 di crd (Mahindra),1185000.0,16.0,2523.0,2,86184.0,1,0,19
Maruti suzuki s cross (Maruti Suzuki),2500000.0,14.0,1200.0,2,38304.0,0,0,9
winger 14 seter 2018 ko fresh xa (Tata),1800000.0,12.0,1900.0,2,28728.0,0,0,7
Swift Zxi 2006 Single Hand (Maruti Suzuki),1390000.0,14.0,1200.0,1,55000.0,0,0,19
Tata intra V20 on sale (Tata),1450000.0,12.0,1396.0,2,28000.0,0,0,5
Toyota Corolla lx new shape with double airbag (Toyota),1725000.0,14.0,1600.0,1,47000.0,0,0,18
Tata Tigor (Tata),2400000.0,14.0,1200.0,1,19152.0,1,0,5
Tata Tipper (Tata),1800000.0,14.0,1200.0,2,79000.0,1,0,8
fresh rio hatchback on sell with sunroof (Kia),820000.0,17.0,1400.0,1,65000.0,0,0,19
Mahindra bolero (Mahindra),750000.0,12.0,2523.0,2,52668.0,1,0,12
i20 active s (Hyundai),2650000.0,15.0,1200.0,1,43092.0,0,0,10
Hiace for sale (Toyota),3800000.0,12.0,2800.0,2,43092.0,0,0,10
Family car on sale - Perodua viva (Perodua),765000.0,15.0,850.0,1,36000.0,0,0,17
Suzuki vittara 3 door (Maruti Suzuki),875000.0,14.0,1600.0,1,100000.0,0,1,33
Bolero Maxx on Sell. (Mahindra),1400000.0,14.0,1200.0,2,34000.0,0,0,7
well maintained fully fresh engine i20 on sale (Hyundai),1250000.0,16.0,1200.0,1,48000.0,0,0,15
KIA Sorento (Kia),5500000.0,14.0,1200.0,2,55000.0,1,1,16
Hyundai Creta 2017 (Hyundai),3390000.0,14.0,1598.0,1,41000.0,0,0,8
Omni cargo 2016 model (Maruti Suzuki),550000.0,15.0,800.0,1,38304.0,0,1,9
Honda CR-V 2018 (Honda),10700000.0,14.0,1500.0,1,8300.0,1,1,7
Fresh Maruti Car On Sales (Maruti Suzuki),550000.0,15.0,800.0,1,81155.0,0,0,19
wagan R 2008 vxi (Maruti Suzuki),835000.0,16.0,1087.0,1,55000.0,0,0,17
Terios (Daihatsu),1500000.0,10.0,1300.0,1,117000.0,0,0,26
Full fresh condition zyotee mini JEEP on sale (Other Brands),995000.0,14.0,1300.0,1,48000.0,0,0,15
Vw poli 1.6 single hand (Volkswagen),1650000.0,13.0,1600.0,1,47000.0,0,0,14
Suzuki Swift Dzire 2010 Vxi (Maruti Suzuki),1399999.0,16.0,1200.0,1,61000.0,1,0,15
Skoda Rapid 2021 with 15 lakh Finance (Skoda),3000000.0,15.0,1000.0,1,21000.0,0,0,4
Hyundai I10 (2014 Model) (Hyundai),1700000.0,16.5,1049.0,1,41848.0,0,0,11
2010 maruti suzuki ritz fully loaded (Maruti Suzuki),1099000.0,14.0,1200.0,1,180000.0,0,0,15
Skoda Rapid 2013 (Skoda),1625000.0,14.0,1200.0,2,73000.0,0,0,12
Tata Tiago On Sale (Tata),1980000.0,15.0,1200.0,1,20000.0,0,0,6
Kia sportage lxi petrol (Kia),4850000.0,13.0,2000.0,1,52000.0,0,0,7
all new Ford Fiesta titanium (Ford),1500000.0,18.0,1500.0,2,96000.0,0,0,12
Mahindra Bolero 2009 model for sale (Mahindra),890000.0,12.0,2523.0,2,71820.0,0,0,16
Ford Eco sport (2015) white (Ford),2150000.0,14.0,1500.0,1,70000.0,0,0,10
407 Tata Mini Trac Sell (Tata),925000.0,14.0,1200.0,2,40000.0,0,0,8
2010 Model New Shape I10 Magna 1.2 On Sale (Hyundai),1475000.0,14.0,1200.0,1,61000.0,0,0,15
Hyundai Getz 2009 Model Full Option (Hyundai),920000.0,14.0,1350.0,1,72000.0,0,0,16
Excellent Condition Suzuki Eeco van 2012 on Sale (Maruti Suzuki),1225000.0,12.0,1200.0,1,48000.0,0,0,13
Excellent Condition Suzuki Swift Zxi 2008 on sale (Maruti Suzuki),1399999.0,13.0,1300.0,1,66000.0,0,0,17
Hyundai i10 (Hyundai),2400000.0,19.5,1200.0,1,26500.0,0,0,5
Tata sumo ex gold (Tata),1175000.0,12.0,2956.0,2,93000.0,0,0,12
Suzuki Swift Dzire VXI 2009 (Maruti Suzuki),1190000.0,15.0,1200.0,1,60000.0,0,0,16
Very Fresh Car for Sale(2016) (Skoda),1975000.0,16.0,1.4,2,60000.0,0,0,9
Rav4 (Toyota),6500000.0,12.0,2500.0,1,55000.0,0,0,12
Hyundai Matrix with Sunroof (Hyundai),650000.0,14.0,1200.0,1,100548.0,0,0,22
Toyota avanza 2006 for sales (Toyota),1800000.0,11.0,1300.0,1,8500.0,1,0,19
Ford Freestyle Titanium On Sale (Ford),2495000.0,15.0,1200.0,1,28800.0,1,0,7
Jyoti For Sale (Other Brands),1050000.0,12.0,1500.0,1,76000.0,0,0,14
Lxi Alto (Maruti Suzuki),1350000.0,16.0,800.0,1,56000.0,0,0,9
Scorpio S5+ 2020 Model (Mahindra),4200000.0,14.0,1200.0,2,19152.0,0,1,5
vitara brezza zdi+ (Maruti Suzuki),3025000.0,17.0,1250.0,2,50000.0,0,0,8
Suzuki swift zxi 2014 (Maruti Suzuki),2000000.0,14.0,1500.0,1,47880.0,0,0,11
Scorpio S4 Plus 2017 model (Mahindra),3600000.0,14.0,1200.0,2,33516.0,0,1,8
Mahindra tipper (Mahindra),1800000.0,12.0,2609.0,2,23000.0,1,0,7
FORD ECO SPORTS IN IMMACULATE CONDITION (Ford),2350000.0,14.0,1500.0,1,35500.0,0,0,7
"Swift Dzire vxi ,2008 model, petrol,9851016822 (Maruti Suzuki)",1250000.0,14.0,1300.0,1,66235.0,0,0,17
"Nios grand i10 magna,2021 model, petrol,9851016822 (Hyundai)",2775000.0,15.0,1200.0,1,12000.0,0,0,4
Singelhand 2018 breeza zdi+ with finance (Maruti Suzuki),3350000.0,18.0,1300.0,2,32000.0,0,0,7
"Grand i10 magna ,2017 model,9851016822,Finance hnx (Hyundai)",2225000.0,15.0,1200.0,1,33256.0,0,0,8
"full option Swift zxi ,2014 model,9851016822 (Maruti Suzuki)",2075000.0,15.0,1200.0,1,42136.0,0,0,11
"Swift zxi with push button,2017 model, petrol, (Maruti Suzuki)",2550000.0,15.0,1200.0,1,39523.0,0,0,8
"Eeco van 7 seater with airbag Petrol,2020 model, (Maruti Suzuki)",1850000.0,15.0,1200.0,1,23000.0,0,0,5
"Hyundai Grand I10, 2018 Model, Only 17000km Silver (Hyundai)",2350000.0,15.0,1200.0,1,17000.0,0,0,7
2020 Wagon r new 1200cc facelift with 75% finance (Maruti Suzuki),2190000.0,18.0,1200.0,1,17300.0,0,0,6
Suzuki Alto Lxi 2018 Model (Maruti Suzuki),1399000.0,15.0,800.0,1,42000.0,0,0,7
Hilux Tiger 2002 model (Toyota),1625000.0,10.0,3000.0,2,150000.0,0,1,23
Maruti Suzuki Wagon R VXI 2013 last model (Maruti Suzuki),1405000.0,19.5,998.0,1,46160.0,0,0,12
Hyundai Verna SX 1.6 (Hyundai),1950000.0,12.0,1600.0,1,71000.0,0,0,13
Maruti Suzuki Ciaz ZXI | 2015 |45000km (Maruti Suzuki),2500000.0,17.0,1400.0,1,45000.0,0,0,10
nexon xz+ petrol 2020 single ownership (Tata),3250000.0,14.0,1200.0,1,35000.0,0,0,5
Toyota Rav 4 Auto Gear 9741819070 (Toyota),1245000.0,10.0,1997.0,1,117000.0,1,1,27
Tata nissan CRX (Mahindra),750000.0,14.0,1200.0,2,71820.0,0,0,16
Tata zest xt 2016 model for sale (Tata),1850000.0,15.0,1200.0,1,39000.0,0,0,9
"Perodua myvi 2009 model, excellent condition (Perodua)",770000.0,12.0,1300.0,1,75000.0,1,0,16
2018 model Mahindra Electric car E2O plus P6 (Mahindra),1975000.0,14.0,1200.0,3,28728.0,1,0,7
Nissan Navara (Nissan),1200000.0,14.0,1200.0,2,90972.0,0,1,20
2015 Model Daihatsu Terios 4 wd drive 9847699255 (Daihatsu),4450000.0,14.0,1500.0,1,43000.0,0,1,10
maruti suzuki wagner (Maruti Suzuki),1550000.0,19.5,1000.0,1,48.0,0,0,11
Tata Yodha on sale (Tata),1300000.0,14.0,1200.0,2,46000.0,1,0,7
Swift zxi 2016 (Maruti Suzuki),2375000.0,15.0,1200.0,1,38000.0,0,0,9
Grand i10 Asta 2016 (Hyundai),2375000.0,14.0,1200.0,1,52000.0,0,0,9
Toyota Corolla Lx Fully Loaded Double Airbags (Toyota),1750000.0,14.0,1600.0,1,47000.0,0,0,18
Maruti Delivery Van (Maruti Suzuki),505000.0,15.0,800.0,1,52500.0,0,0,10
Maruti suzuki Celerio Vxi Auto 2014 model for sale (Maruti Suzuki),1800000.0,15.0,1000.0,1,47000.0,1,0,11
Ford Figo Single Woner No Dent Super Fresh Car (Ford),1650000.0,15.0,1200.0,1,43000.0,0,0,8
Toyota Avanza 7 seater for sale 2013 model (Toyota),2150000.0,14.0,1300.0,1,53000.0,0,0,12
Mahindra Bolero DC 2017 pickup for sale (Mahindra),1950000.0,12.0,2523.0,2,38000.0,0,1,8
Hyundai i20 sports 2010 model for sale (Hyundai),1550000.0,12.0,1200.0,1,73747.0,0,0,15
Maruti suzuki eco van for sale 2016 model (Maruti Suzuki),1450000.0,15.0,1200.0,1,54590.0,0,0,9
Grand i 10 Astha 14 modrl (Hyundai),1950000.0,14.0,1200.0,1,63000.0,0,0,11
sentro Xing (Hyundai),1150000.0,15.0,1086.0,1,60000.0,0,0,16
Ford Figo On Sale (Ford),999999.0,13.0,1199.0,1,53000.0,0,0,14
suzuki brezza (Maruti Suzuki),4100000.0,14.0,1500.0,1,24500.0,0,0,4
4w Suv On Sale In Very Very Barand New Condition (Mahindra),2399999.0,14.0,0.0,2,49000.0,0,1,5
Honda civic (Honda),1575000.0,10.0,1600.0,1,60000.0,0,0,18
Car for sale (Hyundai),1000000.0,17.0,814.0,1,47000.0,0,0,13
Suzuki swift VXI (Maruti Suzuki),1450000.0,14.0,1200.0,1,67032.0,0,0,15
terios on sale (Daihatsu),2550000.0,14.0,1500.0,1,53000.0,0,1,18
Hatti gadi Mahindra maximo plus color white (Mahindra),450000.0,15.0,901.0,2,16057.0,0,0,12
Toyota aca33r 2008 For Sell (Toyota),5000000.0,12.0,2362.0,2,76608.0,0,1,17
Datsun Go Sale Second Hand (Datsun),1325000.0,14.0,1200.0,1,43092.0,0,0,10
Hyundai I 10 asta for sale (Hyundai),2000000.0,14.0,1200.0,1,62000.0,0,0,11
Eeco Van 2018 Model (Maruti Suzuki),1525000.0,15.0,1200.0,1,63000.0,0,0,7
Chevrolet yuva (Chevrolet),680000.0,10.0,1200.0,1,72000.0,0,0,17
Hyundai Creta SX (Facelift) 2019 For Sale (Hyundai),4450000.0,12.0,1598.0,1,37000.0,0,0,6
Suzuki maruti 800 (Maruti Suzuki),600000.0,18.0,800.0,1,86184.0,0,0,19
Kia Soprtage GT line 2021 (Kia),9000000.0,10.0,2000.0,1,30000.0,1,0,4
Santro xing (Hyundai),1170000.0,15.0,1100.0,1,71820.0,0,0,16
Car On Sale (Tata),900000.0,14.0,1200.0,1,63.0,0,0,10
urgent sale (Tata),1400000.0,12.0,2200.0,1,57200.0,0,0,15
Tata Mobile Transportation jeep (Tata),250000.0,14.0,1200.0,2,172368.0,0,0,22
Hyundai santro for sell (Hyundai),1150000.0,19.5,1200.0,1,11111.0,0,0,17
Maruti Suzuki Alto for sale (Maruti Suzuki),630000.0,18.0,800.0,1,4950.0,1,0,25
Toyota | Fortuner | 2010 | 4WD | SUV (Toyota),1750000.0,10.0,3000.0,1,105000.0,0,0,15
Tata nano with ac (Tata),390000.0,19.5,624.0,1,35000.0,0,0,13
SUPER FRESH CONDITION ZYOTEE MINI JEEP ON SALE (Other Brands),875000.0,14.0,1300.0,1,52000.0,0,0,16
Scoripio (Mahindra),3675000.0,12.0,2200.0,2,65000.0,0,1,8
2009 ko kia spotes tu sell (Kia),1600000.0,10.0,1900.0,1,76000.0,1,0,16
2010 ZOTYE 1.3 SINGLE HAND (Other Brands),1025000.0,13.0,1300.0,1,55000.0,0,0,15
Isuzu scab 2021 exchange or sell (Other Brands),3550000.0,12.0,2500.0,2,14364.0,0,0,4
Mahindra maximo HD series 2020 model (Mahindra),1000000.0,15.0,909.0,2,38000.0,0,0,23
712 mina bus sale and exchange car bike bullet (Tata),1850000.0,8.0,4000.0,2,105000.0,0,0,10
50% फाईन्नस सुबिधा भएको ciaz car बिक्रीमा (Maruti Suzuki),2200000.0,17.0,1387.0,1,44500.0,0,0,10
Hyundai Creta (Hyundai),5500000.0,15.0,1600.0,1,30000.0,0,0,7
MG Hector Shine (Other Brands),4800000.0,14.0,1200.0,1,7700.0,0,0,4
Ford ecoport Trend model (Ford),2500000.0,14.0,1500.0,1,45000.0,0,0,9
Car for sales (Maruti Suzuki),715000.0,15.0,800.0,1,80000.0,0,1,16
Honda city 2015 (Honda),2320000.0,14.0,1490.0,1,30100.0,0,0,10
Cevrolet Spark 2009 Model Full Loded (Chevrolet),900000.0,14.0,1000.0,1,85000.0,1,0,16
Santro Xing For Sale (Hyundai),975000.0,15.0,1100.0,1,82000.0,1,0,20
toyota fortuner (Toyota),9700000.0,12.0,3000.0,2,45000.0,0,1,10
Full Option Santro Xing Urgent Sale (Hyundai),875000.0,15.0,1068.0,1,95760.0,0,0,21
Hyundai i10 sportz for sale (Hyundai),1450000.0,15.0,1200.0,1,80000.0,1,0,16
creta sx sale.showroom condition (Hyundai),5700000.0,12.0,1500.0,1,14000.0,0,0,4
Ford Figo (Ford),1075000.0,15.0,1200.0,1,60000.0,0,0,14
2010 model (Maruti Suzuki),775000.0,14.0,1200.0,1,67032.0,0,0,15
Volkswagen Polo 2018 (Volkswagen),2450000.0,15.0,998.0,1,27969.0,0,0,7
CAR ON SALE (Maruti Suzuki),1250000.0,14.0,1200.0,1,71820.0,0,0,16
Kia Rio (Kia),540000.0,14.0,1400.0,1,60000.0,1,0,21
Maruti Suzuki Swift Zxi 2014 (Maruti Suzuki),2025000.0,15.0,1197.0,1,47582.0,0,0,11
MAHINDRA BOLERO PICKUP 4 WHEEL (Mahindra),1150000.0,12.0,2500.0,1,46230.0,0,1,9
MARUTI SUZUKI ALTO ALTO CAR 800 (Maruti Suzuki),600000.0,15.0,800.0,1,63586.0,0,0,21
HYUNDAI SANTRO XING SEMI OPTION CAR (Hyundai),1725000.0,15.0,1086.0,1,52490.0,0,0,11
ALTO K10 SEMI OPTION CAR (Hyundai),590000.0,15.0,1061.0,1,62570.0,0,0,23
Hyundai | Venue S | 2019 | CUV (Hyundai),1750000.0,12.0,1200.0,1,40000.0,0,0,6
Maruti Suzuki Swift Zxi On Sale.. (Maruti Suzuki),1897000.0,15.0,1197.0,1,74000.0,0,0,11
"Creta sx (o), 2019, silver color 9863861301 (Hyundai)",5100000.0,14.0,1600.0,1,20000.0,0,0,6
Renault Duster RXZ+ 2016 (Renault),2475000.0,17.0,1500.0,2,75000.0,0,0,9
dzire vxi 2014 (Maruti Suzuki),1700000.0,14.0,1200.0,1,65300.0,1,0,11
Hyundai i10 Magna 1.2 2013 For Sale (Hyundai),1700000.0,13.0,1200.0,1,50000.0,0,0,12
Tata nano car (Tata),350000.0,19.5,624.0,1,71000.0,0,1,14
Brand new japanese vitara 4Wd😍😍😍 (Maruti Suzuki),8950000.0,19.5,1586.0,4,1000.0,1,1,4
maruti suzuki celerio vxi 2014 auto gear (Maruti Suzuki),1800000.0,15.0,998.0,1,47000.0,1,0,11
Tata sumo gold urgent on the (Tata),1200000.0,14.0,1200.0,2,71820.0,0,0,16
Tata sumo gold urgent on the (Tata),1200000.0,14.0,1200.0,2,71820.0,0,0,16
2019 airbag with abs breck sell (Maruti Suzuki),2725000.0,14.0,1200.0,1,23940.0,0,0,6
WagonR 2018 full fresh on sale (Maruti Suzuki),1850000.0,17.0,1000.0,1,65000.0,0,0,7
i20 sportz 2013 (Hyundai),1750000.0,13.0,1500.0,1,45.0,0,0,12
Bolero Maxitruck (Mahindra),1200000.0,12.0,2523.0,2,100000.0,0,0,8
SUZUKI ALTO (Maruti Suzuki),1575000.0,15.0,800.0,1,46333.0,0,0,7
Enjoy the best rates.Car on sale! (Other Brands),350000.0,10.0,1600.0,1,90819.0,1,0,21
Hyundai I20 Active S 2018 (Full Option) (Hyundai),3075000.0,15.0,1197.0,1,32000.0,0,0,7
Hyundai Santro full option car 2007 model for sale (Hyundai),11500000.0,15.0,1100.0,1,73000.0,0,0,18
Volkswagen polo 1.6 highline 2014 for sale (Volkswagen),2150000.0,14.0,1600.0,1,42000.0,0,0,11
Honda Amaze smt 2015 model car for sale (Honda),18500000.0,15.0,1200.0,1,45000.0,0,0,10
Hyundai accent (Hyundai),775000.0,15.0,1500.0,1,102500.0,0,0,22
Skoda rapid (Skoda),1650000.0,14.0,1200.0,2,117000.0,0,0,12
Hyundai Creta E+ 2019 model for sale (Hyundai),4000000.0,14.0,1600.0,1,20000.0,0,0,6
Toyota Corolla LX 2007 single hand (Toyota),1575000.0,14.0,1497.0,1,65000.0,0,0,18
Hyundai Tucson 2009 ko bikima akdam milauara dinxu (Hyundai),1999999.0,12.0,1990.0,2,70000.0,1,1,16
ALTO 2009 for sale (Maruti Suzuki),870000.0,16.0,800.0,1,57000.0,0,0,16
Suzuki | Dzire VXi | 2018 | Sedan (Maruti Suzuki),1750000.0,12.0,1200.0,1,44000.0,0,0,7
Creta 2017 On sale (Hyundai),3750000.0,19.5,1.6,1,65000.0,1,1,8
Maruti Suzuki Celerio VXi (Maruti Suzuki),1585000.0,14.0,1200.0,1,26000.0,0,0,11
Nissan Micra XV 2015 (Nissan),1450000.0,15.0,1200.0,1,36000.0,0,0,10
Suzuki swift 2017 ZXI on sale. (Maruti Suzuki),2400000.0,16.0,1197.0,1,26000.0,0,0,8
i20 Active S 2018 (Hyundai),3075000.0,14.0,1200.0,1,37000.0,0,0,7
Nissan Terrano 2018 Brand New (Nissan),3750000.0,14.0,1200.0,1,5000.0,0,0,7
Hyundai getz 2008model (Hyundai),950000.0,14.0,1400.0,1,81000.0,0,0,17
Swift Dzire Vxi (Maruti Suzuki),1600000.0,18.0,1200.0,1,50000.0,0,0,14
i 10 sports 2010 sale 9813994422 fulopson.1.2fresh (Hyundai),1435000.0,18.0,1200.0,1,55700.0,0,0,15
Breeza zdi 2016 sell or exchange with pickups (Maruti Suzuki),3050000.0,16.0,1250.0,2,55000.0,0,0,9
santro (Hyundai),850000.0,15.0,1200.0,1,55.0,0,0,21
Kia Soul EV 2017 on sale (Kia),3990000.0,9.0,2109.75,3,42000.0,1,0,8
santro (Hyundai),950000.0,15.0,1200.0,1,45.0,0,0,20
Grand I10 Nios Magna 2021 Model On Sale (Hyundai),2950000.0,17.0,1197.0,1,19000.0,0,0,4
Sell (Hyundai),2650000.0,15.0,1.0,1,38000.0,0,0,9
2008 Model loadking super nissan on sale (Mahindra),600000.0,12.0,2600.0,2,76608.0,0,0,17
Excellent 2012 cheverolet uva 1.2 with airbags abs (Chevrolet),1025000.0,14.0,1200.0,1,43000.0,0,0,13
tata super ace good condition n looks good (Tata),800000.0,15.0,1399.0,2,70000.0,1,0,13
Hyundai Creta (Hyundai),5600000.0,14.0,1500.0,1,19000.0,0,0,4
Like brand new car on sale (Nissan),4260000.0,19.5,1000.0,1,3000.0,0,0,2
FORD FIGO TITANIUM 2013 WELL IN CONDITION FUE RUN (Ford),1275000.0,15.0,1196.0,1,21000.0,0,0,12
Maruti suzuki Alto Car 800 LXI 2014 model on sell. (Maruti Suzuki),1000000.0,19.5,796.0,1,149000.0,0,0,11
Sumo 2018 (Tata),1600000.0,12.0,3000.0,2,28728.0,0,0,7
KIA Sportage AWD in mint condition for urgent sale (Kia),3050000.0,14.0,1998.0,1,58010.0,0,1,14
i10 ERA-Urgent Sell (Hyundai),1250000.0,12.0,1098.0,1,65000.0,0,0,16
Hyundai Tucson 2009 Model On Sell (Hyundai),2075000.0,14.0,1200.0,1,71820.0,1,0,16
For sale 2017 model ecosport ambient petrol (Ford),1850000.0,14.0,1500.0,1,43000.0,0,0,8
Tata Truck -- White & Black color (Tata),1900000.0,14.0,1200.0,2,100000.0,0,0,8
Mahindra Bolero Single Cab Pickup 1.5 TPS 2018 (Mahindra),1575000.0,12.0,2523.0,2,29594.0,0,0,7
Datsun Redigo (Datsun),1350000.0,17.0,1000.0,1,42000.0,0,0,7
Suzuki | Baleno Delta | 2017 | Hatchback (Hyundai),1750000.0,12.0,1200.0,1,55000.0,0,0,8
Suzuki | Wagon R VXi | 2021 | Hatchback (Maruti Suzuki),1750000.0,14.0,1200.0,1,13000.0,0,0,4
HYUNDAI CRETA SX+ 2016 FULLY LOADED VEHICLE (Hyundai),3375000.0,14.0,1591.0,1,42097.0,0,0,9
Scorpio Pickup s10 2019 with Finance (Mahindra),3500000.0,14.0,1200.0,2,50000.0,1,1,6
Made in Japan and Malaysia assembled car on sale (Perodua),875000.0,18.0,1000.0,1,70000.0,0,0,17
Celerio VXI 2017 (Maruti Suzuki),1950000.0,18.0,998.0,1,41461.0,0,0,8
Kia van (Kia),1000000.0,8.0,2000.0,2,80000.0,1,0,24
Kia van (Kia),400000.0,8.0,2000.0,2,80000.0,1,0,24
Suzuki Dzire Zxi + (Maruti Suzuki),2700000.0,16.0,1200.0,1,51000.0,0,0,8
Suzuki | Swift ZXi | 2018 | Hatchback (Maruti Suzuki),1750000.0,12.0,1200.0,1,35000.0,0,0,7
Nissan Navara SL 2019 model with Canopy (Nissan),6000000.0,12.0,2500.0,2,23940.0,0,1,6
Baleno Delta 2017 (Maruti Suzuki),2250000.0,15.0,1200.0,1,32000.0,0,0,8
Toyota LX (Toyota),1780000.0,14.0,1497.0,1,80700.0,1,0,18
Maruti Suzuki zxi (Maruti Suzuki),1990000.0,15.0,1197.0,1,71500.0,1,0,12
Kia Sonet HTE (Kia),3790000.0,15.0,1200.0,1,4788.0,0,1,2
Maruti Suzuki Swift Dzire Vxi - silky silver (Maruti Suzuki),2700000.0,15.0,1197.0,1,27000.0,0,0,6
Santro xing 2007 (Hyundai),1075000.0,14.0,1086.0,1,57000.0,1,0,18
TATA Super Ace (Tata),550000.0,17.0,1400.0,2,52668.0,0,0,12
single hand honda city (Honda),1300000.0,10.0,1599.0,1,180000.0,0,0,17
Renault Kwid Automatic 2017 model (Renault),1550000.0,19.5,999.0,1,15000.0,1,0,8
i20 good condition for sell (Hyundai),1640000.0,14.0,1200.0,1,65000.0,1,0,15
Jeep Compass Limited + 2020 (Jeep),8900000.0,12.0,1956.0,2,35000.0,0,1,5
Renault kwid 1.0 rxt for sale (Renault),1499999.0,15.0,1000.0,1,32000.0,0,0,8
bhansar ko que ko gadi urgent sale (Mahindra),1450000.0,14.0,900.0,2,81000.0,0,0,13
Mahendra Scorpio S5 (2.2) (Mahindra),4200000.0,12.0,2179.0,2,58000.0,0,1,7
Proton Wira Good condition car 2005 model Malaysia (Other Brands),625000.0,14.0,1468.0,1,6278.0,0,1,20
"Ford India, Eco Sport (Ford)",2200000.0,17.0,1498.0,2,0.0,0,0,12
Scorpio (Mahindra),2200000.0,12.0,2179.0,2,180000.0,0,0,13
New Nissan Magnite XE 2022 (BRAND NEW DEAL) (Nissan),2750000.0,15.0,999.0,1,10000.0,0,0,3
Tata Ace Hatti Gadi (Tata) (Tata) (Tata),1099999.0,19.5,1200.0,2,8000.0,1,0,4
Toyata (Toyota),2300000.0,14.0,1200.0,4,19152.0,1,1,5
maruti 2010 taxi (Maruti Suzuki),1500000.0,15.0,800.0,1,67032.0,1,0,15
Toyota car (Toyota),150000.0,16.0,1900.0,2,100000.0,0,0,32
Tata manza car sale and exchange (Toyota),850000.0,16.0,15.0,2,60000.0,0,0,13
Urgent sell maruti 800 (Maruti Suzuki),240000.0,14.0,1200.0,1,117000.0,0,0,26
Eon era plus 2016 (Hyundai),1400000.0,19.0,800.0,1,42000.0,0,0,9
Brezza 1.5 petrol zxi+ 2021 (Maruti Suzuki),4075000.0,16.0,1500.0,1,12000.0,0,0,4
Cargo Van On sale (Tata),650000.0,19.5,800.0,2,70000.0,1,0,8
Hyundai i10 asta grand 2018 push button start (Hyundai),2575000.0,15.0,1200.0,1,32000.0,0,0,7
Hyundai i10 grand magna 2014 48000 km (Hyundai),1850000.0,15.0,1200.0,1,48000.0,0,0,11
Single handed Cargo van on sale (Maruti Suzuki),740000.0,15.0,800.0,1,17000.0,1,0,7
Hyundai Ix35 Crdi (Hyundai),3725000.0,12.0,2000.0,2,36091.0,0,1,14
Naza Forza 2008 Model (Other Brands),600000.0,12.0,4.0,1,76608.0,0,0,17
2022 Mahindra Scorpio S5 4WD for sale or exchange (Mahindra),5300000.0,14.0,1200.0,1,7500.0,0,1,3
Hiace for sale 2015 model (Toyota),3900000.0,12.0,2800.0,2,43092.0,0,0,10
Mahendra bolero pickup truck (Mahindra),1450000.0,12.0,2500.0,2,42000.0,0,1,8
"Eco cargo van 2021 model ,16800 km running ,12lac (Maruti Suzuki)",1200000.0,16.0,1200.0,1,16800.0,1,0,4
Bolero maxitruck (Mahindra),1675000.0,12.0,2500.0,2,56000.0,1,1,6
2010 Model I10 Magna 1.2 New Shape On Sale (Hyundai),1465000.0,19.5,1200.0,1,60000.0,0,0,15
Honda City 2004 (Honda),799999.0,14.0,1498.0,1,108000.0,0,0,21
Hyundai grand i10 (Hyundai),2450000.0,19.5,1200.0,1,26500.0,0,0,5
Well maintained car. Everything is fine. Single ha (Hyundai),1925000.0,15.0,1200.0,1,60000.0,0,0,10
VW Polo 2014 Highline 1200 (Renault),1950000.0,12.0,1200.0,1,60000.0,0,0,11
Hyundai i10 magna 2014 (Hyundai),1750000.0,15.0,1200.0,1,93000.0,0,0,11
nissan xtrail 2007 model for sale or exchange (Nissan),2450000.0,13.0,2200.0,2,60000.0,1,1,18
